gene_name,gene_id_x,transcript_id,gene_id_y,exon_coverage,CDS_coverage,MIM Entry Type (see FAQ 1.3 at https://omim.org/help/faq),Ensembl Gene ID (Ensembl),MIM Number,Preferred Title; symbol,Alternative Title(s); symbol(s),Included Title(s); symbols,Phenotype,Gene Symbols_x,# Chromosome,Gene Symbols_y,Gene Name,Entrez Gene ID,Ensembl Gene ID,Phenotypes,start,end
USP17L5,ENSG00000227140,ENST00000507227,ENSG00000227140,0.007750015,0.007761567,,,,,,,,,,,,,,,9341129,9342721
USP17L13,ENSG00000232399,ENST00000429667,ENSG00000232399,0.242056277,0.242537464,,,,,,,,,,,,,,,9226622,9228214
RGPD6,ENSG00000183054,ENST00000329516,ENSG00000183054,0.132744304,0.283200815,gene,ENSG00000183054,612709,RANBP2-LIKE AND GRIP DOMAIN-CONTAINING PROTEIN 6; RGPD6,RGP6,,,,chr2,"RGPD6, RGP6",RANBP2-like and GRIP domain-containing protein 6,729540,ENSG00000183054,,111271398,111334678
MAGED4,ENSG00000154545,ENST00000375626,ENSG00000154545,1.403111819,0.665204509,gene,ENSG00000154545,300702,"MELANOMA ANTIGEN, FAMILY D, 4; MAGED4",MAGEE1;; KIAA1859,,,,chrX,"MAGED4, MAGEE1, KIAA1859","Melanoma antigen, family D, 4",728239,ENSG00000154545,,51928008,51935364
NPIPB5,ENSG00000243716,ENST00000424340,ENSG00000243716,0.636097813,0.718096288,,,,,,,,,,,,,,,22524844,22547826
PRAMEF15,ENSG00000157358,ENST00000330087,ENSG00000157358,0.538491818,0.719829671,,,,,,,,,,,,,,,13641973,13648988
AMY1B,ENSG00000174876,ENST00000330330,ENSG00000174876,0.64861588,0.772808982,gene,ENSG00000174876,104701,"AMYLASE, SALIVARY, B; AMY1B",,,,,chr1,AMY1B,"Amylase, salivary, alpha-1B",277,ENSG00000174876,,104230040,104238912
DEFB105B,ENSG00000186599,ENST00000335510,ENSG00000186599,0.835011114,0.843456066,,,,,,,,,,,,,,,7345191,7347115
PRAMEF3,ENSG00000204503,ENST00000376173,ENSG00000204503,1.105203829,0.872820163,,,,,,,,,,,,,,,13328196,13331692
EIF3CL,ENSG00000205609,ENST00000398943,ENSG00000205609,0.94528727,0.947494389,,,,,,,,,,,,,,,28390905,28415165
SPACA5B,ENSG00000171478,ENST00000304270,ENSG00000171478,0.991882261,0.978381781,,,,,,,,,,,,,,,47990039,47991995
GRAPL,ENSG00000189152,ENST00000344415,ENSG00000189152,1.32768519,1.053895197,,,,,,,,,,,,,,,19030782,19062489
AGAP10,ENSG00000204172,ENST00000413193,ENSG00000204172,0.75625219,1.206911541,,,,,,,,,,,,,,,47191844,47239738
DEFB130,ENSG00000233050,ENST00000437818,ENSG00000233050,1.264020738,1.264777603,,,,,,,,,,,,,,,11921898,11929256
RPS17,ENSG00000184779,ENST00000330339,ENSG00000184779,1.354614506,1.295081484,gene,ENSG00000182774,180472,RIBOSOMAL PROTEIN S17; RPS17,,"RIBOSOMAL PROTEIN S17a-LIKE 1, INCLUDED; RPS17L1, INCLUDED;; RIBOSOMAL PROTEIN S17a, INCLUDED; RPS17A, INCLUDED;; RIBOSOMAL PROTEIN S17b-LIKE 2, INCLUDED; RPS17L2, INCLUDED;; RIBOSOMAL PROTEIN S17b, INCLUDED; RPS17B, INCLUDED","Diamond-Blackfan anemia 4, 612527 (3)","RPS17, RPS17L1, RPS17L2, DBA4",chr15,"RPS17, RPS17L1, RPS17L2, DBA4",Ribosomal protein S17,6218,ENSG00000182774,"Diamond-Blackfan anemia 4, 612527 (3), Autosomal dominant",82821158,82824972
KM-PA-2,ENSG00000204775,ENST00000377412,ENSG00000204775,1.312671493,1.312000558,,,,,,,,,,,,,,,145317003,145331153
GOLGA6L10,ENSG00000205281,ENST00000439287,ENSG00000205281,1.141799386,1.377738952,,,,,,,,,,,,,,,82635130,82641706
SSX4,ENSG00000204645,ENST00000376886,ENSG00000204645,2.571293419,1.473128252,gene,ENSG00000268009,300326,"SYNOVIAL SARCOMA, X BREAKPOINT 4; SSX4",,,,,chrX,SSX4,"Synovial sarcoma, X breakpoint 4",6759,ENSG00000268009,,48242863,48252785
NPIPB3,ENSG00000169246,ENST00000458643,ENSG00000169246,1.237598472,1.505393675,gene,,619984,"NUCLEAR PORE COMPLEX-INTERACTING PROTEIN FAMILY, MEMBER B3; NPIPB3",KIAA0220-LIKE PROTEIN; KIAA0220L,,,,chr16,"NPIPB3, KIAA0220L","Nuclear pore complex-interacting protein family, member B3",23117,,,21413605,21431078
NBPF11,ENSG00000152042,ENST00000605317,ENSG00000152042,1.103326493,1.636978469,gene,ENSG00000263956,614001,"NEUROBLASTOMA BREAKPOINT FAMILY, MEMBER 11; NBPF11",,,,,chr1,NBPF11,"Neuroblastoma breakpoint family, member 11",200030,ENSG00000263956,,146034239,146082633
SPACA5,ENSG00000171489,ENST00000304355,ENSG00000171489,3.590927626,1.644921518,gene,ENSG00000171489,300593,SPERM ACROSOME-ASSOCIATED PROTEIN 5; SPACA5,LOC389852,,,,chrX,"SPACA5, LOC389852",Sperm acrosome associated 5,389852,ENSG00000171489,,47863734,47869126
ANXA8L1,ENSG00000150165,ENST00000359178,ENSG00000150165,1.13121767,1.789595838,,,,,,,,,,,,,,,47157989,47174040
RP11-347C12.1,ENSG00000198064,ENST00000520915,ENSG00000198064,1.169743882,1.812879547,,,,,,,,,,,,,,,30234258,30257122
PGA4,ENSG00000229183,ENST00000378149,ENSG00000229183,1.804167523,1.991368355,gene,ENSG00000229183,169720,"PEPSINOGEN 4, GROUP I; PGA4",,,,,chr11,PGA4,Pepsinogen A4,643847,ENSG00000229183,,60989688,60999399
CT45A6,ENSG00000226907,ENST00000491002,ENSG00000226907,2.817708265,2.006664594,gene,ENSG00000278289,300797,"CANCER/TESTIS ANTIGEN FAMILY 45, MEMBER A6; CT45A6","CANCER/TESTIS ANTIGEN 45, MEMBER 6; CT45.6",,,,chrX,"CT45A6, CT45.6","Cancer/testis antigen family 45, member A6",541465,ENSG00000278289,,134962849,134971244
PABPC1L2A,ENSG00000186288,ENST00000373519,ENSG00000186288,5.995719949,2.07426155,,,,,,,,,,,,,,,72297115,72299351
AMY1A,ENSG00000237763,ENST00000370083,ENSG00000237763,1.446337756,2.075844444,gene,ENSG00000237763,104700,"AMYLASE, SALIVARY, A; AMY1A","AMYLASE, SALIVARY; AMY1",,,,chr1,AMY1A,"Amylase, salivary, alpha-1A",276,ENSG00000237763,,104198377,104207173
ZNF140,ENSG00000196387,ENST00000355557,ENSG00000196387,2.613388598,2.103570584,gene,ENSG00000196387,604082,ZINC FINGER PROTEIN 140; ZNF140,,,,,chr12,ZNF140,Zinc finger protein-140,7699,ENSG00000196387,,133656424,133684130
NPIPA2,ENSG00000254852,ENST00000553201,ENSG00000254852,2.135901682,2.132843324,,,,,,,,,,,,,,,14844670,14859270
GAGE2B,ENSG00000231850,ENST00000381725,ENSG00000231850,2.001576823,2.309824655,gene,,300726,G ANTIGEN 2B; GAGE2B,,,,,chrX,GAGE2B,G antigen 2B,645037,,,49235708,49242997
TRIM49D1,ENSG00000223417,ENST00000530311,ENSG00000223417,6.122915059,2.313754326,,,,,,,,,,,,,,,89644279,89654935
RIMBP3B,ENSG00000196934,ENST00000434111,ENSG00000196934,2.136915252,2.323625697,gene,ENSG00000274600,612700,RIMS-BINDING PROTEIN 3B; RIMBP3B,RIMBP3.2,,,,chr22,RIMBP3B,RIMS-binding protein 3B,440804,ENSG00000274600,,21737663,21743446
SPATA31A1,ENSG00000204849,ENST00000377647,ENSG00000204849,3.010049756,2.333532206,,,,,,,,,,,,,,,39355699,39361956
GAGE13,ENSG00000237597,ENST00000381751,ENSG00000237597,1.946930448,2.357926113,gene,ENSG00000274274,300734,G ANTIGEN 13; GAGE13,,,,,chrX,GAGE13,G antigen 13,645051,ENSG00000274274,,49188094,49195366
RGPD1,ENSG00000187627,ENST00000559485,ENSG00000187627,3.432235052,2.400723999,gene,ENSG00000187627,612704,RANBP2-LIKE AND GRIP DOMAIN-CONTAINING PROTEIN 1; RGPD1,RGP1,,,,chr2,"RGPD1, RGP1",RANBP2-like and GRIP domain-containing protein 1,400966,ENSG00000187627,,87144738,87241104
PABPC1L2B,ENSG00000184388,ENST00000373521,ENSG00000184388,9.325897183,2.517518967,,,,,,,,,,,,,,,72223352,72225551
NBPF24,ENSG00000203836,ENST00000369228,ENSG00000203836,2.508743744,2.574102926,,,,,,,,,,,,,,,147575937,147599549
RP13-996F3.4,ENSG00000259243,ENST00000557886,ENSG00000259243,2.207448228,2.601178741,,,,,,,,,,,,,,,83011379,83018198
PRAMEF19,ENSG00000204480,ENST00000540591,ENSG00000204480,1.926848961,2.607154939,,,,,,,,,,,,,,,13694889,13698405
GATSL2,ENSG00000198750,ENST00000426327,ENSG00000198750,2.931409114,2.656818957,,,,,,,,,,,,,,,74807499,74867509
SRSF10,ENSG00000188529,ENST00000492112,ENSG00000188529,2.680665896,2.785428757,gene,ENSG00000188529,605221,"SPLICING FACTOR, SERINE/ARGININE-RICH, 10; SRSF10","SERINE/ARGININE-RICH SPLICING FACTOR 10;; FUS-INTERACTING PROTEIN 1; FUSIP1;; TLS-ASSOCIATED PROTEIN WITH SERINE-ARGININE REPEATS; TASR;; SPLICING FACTOR, ARGININE/SERINE-RICH, 38-KD; SRp38;; SR REPRESSOR PROTEIN, 40-KD; SRRp40;; NEURAL-SALIENT SR-RICH PROTEIN; NSSR;; SPLICING FACTOR, ARGININE/SERINE-RICH, 13A; SFRS13A","TLS-ASSOCIATED PROTEIN WITH SERINE-ARGININE REPEATS, ISOFORM 1, INCLUDED; TASR1, INCLUDED;; TLS-ASSOCIATED PROTEIN WITH SERINE-ARGININE REPEATS, ISOFORM 2, INCLUDED; TASR2, INCLUDED",,,chr1,"SRSF10, FUSIP1, TASR, TASR1, TASR2","Splicine factor, serine/arginine-rich, 10",10772,ENSG00000188529,,24296854,24306809
ZNF705D,ENSG00000215343,ENST00000400085,ENSG00000215343,3.452337937,2.78878918,,,,,,,,,,,,,,,11961898,11973025
PRAMEF13,ENSG00000204495,ENST00000376132,ENSG00000204495,2.803518864,2.793830456,,,,,,,,,,,,,,,13447414,13452656
SMN2,ENSG00000205571,ENST00000380743,ENSG00000205571,3.196291262,2.868170025,gene,ENSG00000205571,601627,SURVIVAL OF MOTOR NEURON 2; SMN2,"SURVIVAL OF MOTOR NEURON, CENTROMERIC COPY; SMNC;; C-BCD541",,"{Spinal muscular atrophy, type III, modifier of}, 253400 (3)",SMN2,chr5,SMN2,"Survival of motor neuron 2, centromeric",6607,ENSG00000205571,"{Spinal muscular atrophy, type III, modifier of}, 253400 (3), Autosomal recessive",69345439,69373419
AGAP8,ENSG00000174194,ENST00000425119,ENSG00000174194,2.721452814,2.895582803,,,,,,,,,,,,,,,51224688,51246535
PRAMEF16,ENSG00000204488,ENST00000376121,ENSG00000204488,2.629513987,2.936084279,,,,,,,,,,,,,,,13495254,13498260
FAM90A26,ENSG00000229924,ENST00000512047,ENSG00000229924,3.178118421,2.939205695,,,,,,,,,,,,,,,9172135,9178453
SPDYE2B,ENSG00000173678,ENST00000507450,ENSG00000173678,3.420408737,2.99719788,,,,,,,,,,,,,,,102290772,102301606
MRC1,ENSG00000120586,ENST00000239761,ENSG00000120586,3.291669648,3.020497564,gene,ENSG00000260314,153618,"MANNOSE RECEPTOR, C-TYPE, 1; MRC1",MACROPHAGE MANNOSE RECEPTOR; MMR; MR;; CD206,,,,chr10,"MRC1, MMR","Mannose receptor, C type 1",4360,ENSG00000260314,,18098352,18200091
TBC1D3G,ENSG00000161583,ENST00000341264,ENSG00000161583,3.967627336,3.083033802,gene,ENSG00000260287,610810,"TBC1 DOMAIN FAMILY, MEMBER 3G; TBC1D3G",,,,,chr17,TBC1D3G,"TBC1 domain family, member 3G",101060321,ENSG00000260287,,34797172,34808103
USP17L10,ENSG00000231396,ENST00000417945,ENSG00000231396,3.131326781,3.131481189,,,,,,,,,,,,,,,9212383,9213975
MAGEA9B,ENSG00000123584,ENST00000243314,ENSG00000123584,5.94371679,3.1658333,gene,ENSG00000267978,300764,"MELANOMA ANTIGEN, FAMILY A, 9B; MAGEA9B",,,,,chrX,MAGEA9B,"Melanoma antigen, family A, 9B",728269,ENSG00000267978,,148663309,148669116
ANKRD20A3,ENSG00000132498,ENST00000254835,ENSG00000132498,3.283974459,3.294671217,,,,,,,,,,,,,,,43089972,43133544
NPIPA7,ENSG00000214967,ENST00000530217,ENSG00000214967,3.720555399,3.303998651,,,,,,,,,,,,,,,16472912,16487811
EIF3C,ENSG00000184110,ENST00000331666,ENSG00000184110,3.190509168,3.358450042,gene,ENSG00000184110,603916,"EUKARYOTIC TRANSLATION INITIATION FACTOR 3, SUBUNIT C; EIF3C","EIF3-p110;; EUKARYOTIC TRANSLATION INITIATION FACTOR 3, SUBUNIT 8, FORMERLY; EIF3S8, FORMERLY",,,,chr16,"EIF3C, EIF3S8","Eukaryotic translation initiation factor 3, subunit C",8663,ENSG00000184110,,28722684,28747051
SSX4B,ENSG00000198946,ENST00000376884,ENSG00000198946,3.209445008,3.406756496,,,,,,,,,,,,,,,48261524,48271344
NBPF16,ENSG00000203827,ENST00000417839,ENSG00000203827,3.082453429,3.462586361,,,,,,,,,,,,,,,148739443,148758311
F8A1,ENSG00000197932,ENST00000369446,ENSG00000197932,11.40260682,3.465099441,gene,ENSG00000288722,305423,COAGULATION FACTOR VIII-ASSOCIATED PROTEIN 1; F8A1,FACTOR VIII-ASSOCIATED PROTEIN 1; F8A;; DXS522E;; HAP40,,,,chrX,"F8A1, DXS522E, HAP40",Coagulation factor VIII associated 1,8263,ENSG00000288722,,154114635,154116335
PTPN20A,ENSG00000204179,ENST00000374339,ENSG00000204179,3.471324675,3.478993549,,,,,,,,,,,,,,,46551654,46620012
NXF2,ENSG00000185554,ENST00000395088,ENSG00000185554,3.053957404,3.517744082,gene,ENSG00000269405,300315,NUCLEAR RNA EXPORT FACTOR 2; NXF2,,,,,chrX,NXF2,Nuclear RNA export factor 2,56001,ENSG00000269405,,101470280,101581634
NPIPA8,ENSG00000214940,ENST00000525596,ENSG00000214940,2.714861161,3.556329064,,,,,,,,,,,,,,,18411799,18430593
NPIPB9,ENSG00000196993,ENST00000550983,ENSG00000196993,3.192648418,3.596472019,,,,,,,,,,,,,,,28763108,28784128
GAGE2D,ENSG00000240257,ENST00000404720,ENSG00000240257,2.818426618,3.707277249,gene,,300735,G ANTIGEN 2D; GAGE2D,,,,,chrX,GAGE2D,G antigen 2D,729408,,,49207160,49214420
SMN1,ENSG00000172062,ENST00000380707,ENSG00000172062,3.700889141,3.723695765,gene,ENSG00000172062,600354,SURVIVAL OF MOTOR NEURON 1; SMN1,"SURVIVAL OF MOTOR NEURON, TELOMERIC COPY; SMNT;; SMN;; T-BCD541",,"Spinal muscular atrophy-1, 253300 (3)","SMN1, SMA1, SMA2, SMA3, SMA4",chr5,"SMN1, SMA1, SMA2, SMA3, SMA4","Survival of motor neuron 1, telomeric",6606,ENSG00000172062,"Spinal muscular atrophy-2, 253550 (3), Autosomal recessive; Spinal muscular atrophy-4, 271150 (3), Autosomal recessive; Spinal muscular atrophy-3, 253400 (3), Autosomal recessive; Spinal muscular atrophy-1, 253300 (3), Autosomal recessive",70220857,70248839
SULT1A4,ENSG00000213648,ENST00000395400,ENSG00000213648,4.832902596,3.726537003,gene,ENSG00000213648,615819,"SULFOTRANSFERASE FAMILY 1A, CYTOSOLIC, PHENOL-PREFERRING, MEMBER 4; SULT1A4",,,,,chr16,SULT1A4,"Sulfotransferase family 1A, cytosolic, phenol-preferring, member 4",445329,ENSG00000213648,,29467780,29475984
NPIPB8,ENSG00000255524,ENST00000529716,ENSG00000255524,4.230916977,3.840270985,,,,,,,,,,,,,,,28648975,28670003
GAGE12H,ENSG00000224902,ENST00000381722,ENSG00000224902,3.088266171,3.861352824,gene,ENSG00000224902,300732,G ANTIGEN 12H; GAGE12H,,,,,chrX,GAGE12H,G antigen 12H,729442,ENSG00000224902,,49344586,49351904
PRAMEF18,ENSG00000204491,ENST00000376126,ENSG00000204491,3.873180778,3.885203503,,,,,,,,,,,,,,,13474689,13477522
PRAMEF14,ENSG00000204481,ENST00000334600,ENSG00000204481,1.346491156,3.936796823,,,,,,,,,,,,,,,13668743,13673511
GOLGA8B,ENSG00000215252,ENST00000267731,ENSG00000215252,7.794798382,3.943971037,gene,ENSG00000215252,609619,"GOLGIN A8 FAMILY, MEMBER B; GOLGA8B","GOLGI AUTOANTIGEN, GOLGIN SUBFAMILY A, 8B",,,,chr15,"GOLGA8B, KIAA0855","Golgin A8 family, member B",440270,ENSG00000215252,,34817483,34875771
AGAP4,ENSG00000188234,ENST00000448048,ENSG00000188234,4.192178805,4.013350321,,,,,,,,,,,,,,,46321042,46342921
SULT1A3,ENSG00000261052,ENST00000395137,ENSG00000261052,4.771526104,4.072628965,gene,ENSG00000261052,600641,"SULFOTRANSFERASE FAMILY 1A, CYTOSOLIC, PHENOL-PREFERRING, MEMBER 3; SULT1A3","SULFOTRANSFERASE, MONOAMINE-PREFERRING; STM",,,,chr16,"SULT1A3, STM","Sulfotransferase family 1A, phenol-preferring, member 3",6818,ENSG00000261052,,30207122,30215329
BOP1,ENSG00000170727,ENST00000307404,ENSG00000170727,5.221078603,4.132825322,gene,ENSG00000261236,610596,BLOCK OF PROLIFERATION 1; BOP1,KIAA0124,,,,chr8,"BOP1, KIAA0124",Block of proliferation 1,23246,ENSG00000261236,,145486055,145515082
OR2T29,ENSG00000182783,ENST00000328570,ENSG00000182783,4.026411547,4.136809036,,,,,,,,,,,,,,,248721784,248722797
RGPD2,ENSG00000185304,ENST00000398146,ENSG00000185304,5.696683626,4.193732467,gene,ENSG00000185304,612705,RANBP2-LIKE AND GRIP DOMAIN-CONTAINING PROTEIN 2; RGPD2,RGP2,,,,chr2,"RGPD2, RGP2",RANBP2-like and GRIP domain-containing protein 2,729857,ENSG00000185304,,88055474,88125471
GOLGA8G,ENSG00000183629,ENST00000525590,ENSG00000183629,4.87113182,4.319880455,,,,,,,,,,,,,,,28767719,28778117
C4A,ENSG00000244731,ENST00000428956,ENSG00000244731,3.549522502,4.41520302,gene,ENSG00000244731,120810,COMPLEMENT COMPONENT 4A; C4A,"COMPLEMENT COMPONENT 4S; C4S;; ACIDIC C4;; C4, RODGERS FORM;; SLP, MOUSE, HOMOLOG OF; SLP",,"C4a deficiency, 614380 (3)","C4A, C4S, C4AD",chr6,"C4A, C4S, C4AD",Complement component-4A,720,ENSG00000244731,"[Blood group, Rodgers], 614374 (3); C4a deficiency, 614380 (3), Autosomal recessive",31949801,31970458
PLGLB1,ENSG00000183281,ENST00000355705,ENSG00000183281,4.87720275,4.415781374,gene,ENSG00000183281,173340,PLASMINOGEN-LIKE B1; PLGLB1,PLASMINOGEN-RELATED GENE B; PRGB,,,,chr2,"PLGLB1, PLGL, PRGB",Plasminogen-like B1,5343,ENSG00000183281,,87239435,87248975
RP13-996F3.5,ENSG00000215749,ENST00000559949,ENSG00000215749,4.464185377,4.532923263,,,,,,,,,,,,,,,82932454,82939157
OR2T5,ENSG00000203661,ENST00000366473,ENSG00000203661,4.360455388,4.604405287,,,,,,,,,,,,,,,248651885,248652898
USP17L17,ENSG00000249104,ENST00000511568,ENSG00000249104,4.658556817,4.667346547,,,,,,,,,,,,,,,9245605,9247197
C4B,ENSG00000224389,ENST00000435363,ENSG00000224389,2.895548605,4.70541772,gene,ENSG00000224389,120820,COMPLEMENT COMPONENT 4B; C4B,"COMPLEMENT COMPONENT 4F; C4F;; BASIC C4;; C4, CHIDO FORM",,"C4B deficiency, 614379 (3)","C4B, C4F, C4BD",chr6,"C4B, C4F, C4BD",Complement component-4B,721,ENSG00000224389,"C4B deficiency, 614379 (3)",31982539,32003195
PTPN20B,ENSG00000183675,ENST00000374233,ENSG00000183675,5.049906795,4.730652145,,,,,,,,,,,,,,,48738573,48806939
RHOXF2B,ENSG00000203989,ENST00000371402,ENSG00000203989,4.441130218,4.742400907,,,,,,,,,,,,,,,119205848,119211707
MBD3L4,ENSG00000205718,ENST00000381394,ENSG00000205718,5.349246619,4.757952266,,,,,,,,,,,,,,,7037759,7040190
DEFB107B,ENSG00000198129,ENST00000355602,ENSG00000198129,5.857393109,4.766765,,,,,,,,,,,,,,,7353368,7366833
ANKRD20A2,ENSG00000183148,ENST00000377601,ENSG00000183148,3.506180444,4.808389323,,,,,,,,,,,,,,,42368303,42411410
AMY1C,ENSG00000187733,ENST00000370079,ENSG00000187733,4.894998441,4.829080169,gene,ENSG00000187733,104702,"AMYLASE, SALIVARY, C; AMY1C",,,,,chr1,AMY1C,"Amylase, salivary, alpha-1C",278,ENSG00000187733,,104293028,104301312
FAM21B,ENSG00000152726,ENST00000358474,ENSG00000152726,4.750965298,4.860234673,,,,,,,,,,,,,,,47894023,47948853
FAM203A,ENSG00000235173,ENST00000347708,ENSG00000235173,6.586063648,4.90667797,,,,,,,,,,,,,,,145192672,145195746
CCL3L3,ENSG00000256515,ENST00000378354,ENSG00000256515,6.068956399,5.081097855,gene,ENSG00000276085,609468,"CHEMOKINE, CC MOTIF, LIGAND 3-LIKE 3; CCL3L3",,,,,chr17,CCL3L3,"Chemokine, CC motif, ligand 3-like 3",414062,ENSG00000276085,,34522268,34524157
GOLGA8F,ENSG00000153684,ENST00000532622,ENSG00000153684,3.944911286,5.091441008,,,,,,,,,,,,,,,28623810,28634209
SPDYE2,ENSG00000205238,ENST00000507918,ENSG00000205238,12.26724909,5.118616931,gene,ENSG00000205238,617624,"SPEEDY/RINGO CELL CYCLE REGULATOR FAMILY, MEMBER E2; SPDYE2",SPEEDY B2-LIKE 1; SPDYB2L1,,,,chr7,"SPDYE2, SPDYB2L1","Speedy/RINGO cell cycle regulator family, member E2",441273,ENSG00000205238,,102191679,102202516
NBPF12,ENSG00000186275,ENST00000442909,ENSG00000186275,4.943705274,5.127593943,gene,ENSG00000268043,608607,"NEUROBLASTOMA BREAKPOINT FAMILY, MEMBER 12; NBPF12",CHROMOSOME 1 AMPLIFIED SEQUENCE 1; COAS1;; KIAA1245,,,,chr1,"NBPF12, COAS1, KIAA1245","Neuroblastoma breakpoint family, member 12",149013,ENSG00000268043,,146374056,146467744
PRAMEF20,ENSG00000204478,ENST00000316412,ENSG00000204478,5.931138941,5.138768061,,,,,,,,,,,,,,,13736907,13747803
AREGB,ENSG00000205595,ENST00000380846,ENSG00000205595,5.582284611,5.274153567,,,,,,,,,,,,,,,75480629,75490486
GAGE12J,ENSG00000224659,ENST00000442437,ENSG00000224659,5.632129378,5.277018765,gene,ENSG00000224659,300733,G ANTIGEN 12J; GAGE12J,,,,,chrX,GAGE12J,G antigen 12J,729396,ENSG00000224659,,49178536,49185863
OPN1MW2,ENSG00000166160,ENST00000369929,ENSG00000166160,6.213697968,5.412960279,,,,,,,,,,,,,,,153485225,153498755
CCL4L1,ENSG00000205020,ENST00000444414,ENSG00000205020,3.624633353,5.505534572,gene,,603782,"CHEMOKINE, CC MOTIF, LIGAND 4-LIKE 1; CCL4L1",CCL4L;; SMALL INDUCIBLE CYTOKINE A4-LIKE; SCYA4L;; LYMPHOCYTE ACTIVATION GENE 1; LAG1;; AT744.2,,,,chr17,"CCL4L, SCYA4L, LAG1","Chemokine, C-C motif, ligand 4-like",388372,,,34538310,34540048
ZNF605,ENSG00000196458,ENST00000392321,ENSG00000196458,2.911320527,5.516345095,,,,,,,,,,,,,,,133498048,133532892
MRC1L1,ENSG00000183748,ENST00000331429,ENSG00000183748,5.909328473,5.692321532,,,,,,,,,,,,,,,17851362,17953178
PRAMEF6,ENSG00000232423,ENST00000376189,ENSG00000232423,6.591799752,5.73302499,,,,,,,,,,,,,,,12998181,13007420
POTED,ENSG00000166351,ENST00000299443,ENSG00000166351,5.762836597,5.757267992,gene,ENSG00000166351,607549,"POTE ANKYRIN DOMAIN FAMILY, MEMBER D; POTED","ANKYRIN REPEAT DOMAIN-CONTAINING PROTEIN 21; ANKRD21;; PROSTATE-, OVARY-, TESTIS-, AND PLACENTA-EXPRESSED GENE; POTE;; PROSTATE-, OVARY-, TESTIS-, AND PLACENTA-EXPRESSED GENE ON CHROMOSOME 21; POTE21",,,,chr21,"POTED, ANKRD21, POTE","POTE ankyrin domain family, member D",317754,ENSG00000166351,,14982498,15013906
PPIAL4A,ENSG00000255963,ENST00000539781,ENSG00000255963,6.598201401,5.766289024,,,,,,,,,,,,,,,147954635,147955419
PPIP5K1,ENSG00000168781,ENST00000420765,ENSG00000168781,5.013583561,5.779035327,gene,ENSG00000168781,610979,DIPHOSPHOINOSITOL PENTAKISPHOSPHATE KINASE 1; PPIP5K1,HISTIDINE ACID PHOSPHATASE DOMAIN-CONTAINING PROTEIN 2A; HISPPD2A;; INOSITOL PYROPHOSPHATE SYNTHASE 1; IPS1;; IP6 KINASE: IP6K;; VIP1;; KIAA0377,,,,chr15,"PPIP5K1, HISPPD2A, IPS1, KIAA0377",Diphosphoinositol pentakisphosphate kinase 1,9677,ENSG00000168781,,43825660,43882430
TMEM236,ENSG00000148483,ENST00000377495,ENSG00000148483,6.306178054,5.85517959,,,,,,,,,,,,,,,17794251,17842867
POTEB2,ENSG00000230031,ENST00000454856,ENSG00000230031,6.388915378,5.880162068,,,,,,,,,,,,,,,21040701,21071643
NAIP,ENSG00000249437,ENST00000517649,ENSG00000249437,5.810876865,5.880732599,gene,ENSG00000249437,600355,NEURONAL APOPTOSIS INHIBITORY PROTEIN; NAIP,BACULOVIRAL IAP REPEAT-CONTAINING PROTEIN 1; BIRC1,,,,chr5,"BIRC1, NAIP",Baculoviral IAP repeat-containing 1 (neuronal apoptosis inhibitory protein),4671,ENSG00000249437,,70264310,70320514
POTEB,ENSG00000233917,ENST00000439682,ENSG00000233917,6.922393891,5.962288997,gene,ENSG00000233917,608912,"POTE ANKYRIN DOMAIN FAMILY, MEMBER B; POTEB","PROSTATE-, OVARY-, TESTIS-, AND PLACENTA-EXPRESSED GENE ON CHROMOSOME 15; POTE15",,,,chr15,"POTEB, POTE15","POTE ankyrin domain family, member B",100996331,ENSG00000233917,,22051853,22082822
AL592284.1,ENSG00000231360,ENST00000538264,ENSG00000231360,6.807904103,5.978524997,,,,,,,,,,,,,,,144339738,144521058
NBPF20,ENSG00000203832,ENST00000369202,ENSG00000203832,6.490313622,5.980031059,gene,ENSG00000162825,614007,"NEUROBLASTOMA BREAKPOINT FAMILY, MEMBER 20; NBPF20",,,,,chr1,NBPF20,"Neuroblastoma breakpoint family, member 20",100288142,ENSG00000162825,,148250249,148347051
ZNF705B,ENSG00000215356,ENST00000443676,ENSG00000215356,5.576542804,5.989877046,,,,,,,,,,,,,,,7801144,7812271
NXF2B,ENSG00000185945,ENST00000457521,ENSG00000185945,4.632644217,6.001055992,,,,,,,,,,,,,,,101615316,101726732
SPATA31A2,ENSG00000204848,ENST00000456183,ENSG00000204848,5.994347536,6.032610234,,,,,,,,,,,,,,,39884975,39891210
GSTT2B,ENSG00000133433,ENST00000290765,ENSG00000133433,5.768599156,6.091613183,,,,,,,,,,,,,,,24299601,24303373
PNRC2,ENSG00000189266,ENST00000334351,ENSG00000189266,4.291345365,6.172905046,gene,ENSG00000189266,611882,PROLINE-RICH NUCLEAR RECEPTOR COACTIVATOR 2; PNRC2,,,,,chr1,PNRC2,Proline-rich nuclear receptor coactivator 2,55629,ENSG00000189266,,24286302,24289952
PRAMEF17,ENSG00000204479,ENST00000376098,ENSG00000204479,6.583445265,6.209592312,,,,,,,,,,,,,,,13716092,13719089
GOLGA8O,ENSG00000206127,ENST00000509311,ENSG00000206127,6.527195392,6.244549959,,,,,,,,,,,,,,,32737307,32747835
PLGLB2,ENSG00000125551,ENST00000359481,ENSG00000125551,12.12635806,6.260790178,,,,,,,,,,,,,,,88047606,88057152
CTAGE4,ENSG00000225932,ENST00000486333,ENSG00000225932,6.56976624,6.39381906,gene,ENSG00000288784,608910,CUTANEOUS T-CELL LYMPHOMA-ASSOCIATED ANTIGEN 4; CTAGE4,,,,,chr7,CTAGE4,Cutaneous T-cell lymphoma-associated antigen 4,100128553,ENSG00000288784,,143880559,143883146
ASAH2,ENSG00000188611,ENST00000395526,ENSG00000188611,6.213318153,6.40068966,gene,ENSG00000188611,611202,N-ACYLSPHINGOSINE AMIDOHYDROLASE 2; ASAH2,"CERAMIDASE, NONLYSOSOMAL;; NONLYSOSOMAL CERAMIDASE",,,,chr10,ASAH2,N-acylsphingosine amidohydrolase 2,56624,ENSG00000188611,,51942538,52008370
SERF1B,ENSG00000205572,ENST00000380750,ENSG00000205572,3.846247843,6.43174548,,,,,,,,,,,,,,,69321096,69338940
GTF2H2,ENSG00000145736,ENST00000330280,ENSG00000145736,6.239961845,6.503032581,gene,ENSG00000145736,601748,"GENERAL TRANSCRIPTION FACTOR IIH, POLYPEPTIDE 2; GTF2H2","TRANSCRIPTION FACTOR IIH, 44-KD SUBUNIT",,,,chr5,GTF2H2,"General transcription factor IIH, polypeptide 2 (44kD subunit)",2966,ENSG00000145736,,70330903,70363477
CTAGE15,ENSG00000271079,ENST00000420911,ENSG00000271079,6.010308446,6.522647232,,,,,,,,,,,,,,,143268894,143271480
ARL17B,ENSG00000228696,ENST00000450673,ENSG00000228696,7.745248121,6.58659031,,,,,,,,,,,,,,,44416763,44439130
GOLGA6L6,ENSG00000215405,ENST00000427390,ENSG00000215405,7.732852643,6.608017629,,,,,,,,,,,,,,,20737094,20747114
KIR3DL3,ENSG00000242019,ENST00000291860,ENSG00000242019,7.943997547,6.67829562,gene,ENSG00000242019,610095,"KILLER CELL IMMUNOGLOBULIN-LIKE RECEPTOR, THREE DOMAINS, LONG CYTOPLASMIC TAIL, 3; KIR3DL3",KIRC1;; KIR3DL7;; KIR44;; CD158Z,,,,chr19,"KIR3KL3, KIRC1, KIR3DL7, KIR44","Killer cell immunoglobulin-like receptor, three domains, long cytoplasmic tail, 3",115653,ENSG00000242019,,55235984,55248003
NBPF6,ENSG00000186086,ENST00000444143,ENSG00000186086,7.351662198,6.769077793,gene,ENSG00000186086,613996,"NEUROBLASTOMA BREAKPOINT FAMILY, MEMBER 6; NBPF6",,,,,chr1,NBPF6,"Neuroblastoma breakpoint family, member 6",653149,ENSG00000186086,,108918421,109013624
IKBKG,ENSG00000073009,ENST00000369609,ENSG00000073009,8.692348857,6.805050042,gene,ENSG00000269335,300248,"INHIBITOR OF NUCLEAR FACTOR KAPPA-B KINASE, REGULATORY SUBUNIT GAMMA; IKBKG","INHIBITOR OF KAPPA LIGHT POLYPEPTIDE GENE ENHANCER IN B CELLS, KINASE OF, GAMMA;; NF-KAPPA-B ESSENTIAL MODULATOR; NEMO;; IKK-GAMMA;; FIP3",,"Autoinflammatory disease, systemic, X-linked, 301081 (3)","IKBKG, NEMO, FIP3, IP, EDAID1, IMD33, SAIDX",chrX,"IKBKG, NEMO, FIP3, IP, EDAID1, IMD33, SAIDX","Inhibitor of nuclear factor kappa B kinase, regulatory subunit gamma",8517,ENSG00000269335,"Incontinentia pigmenti, 308300 (3), X-linked dominant; Ectodermal dysplasia and immunodeficiency 1, 300291 (3), X-linked recessive; Immunodeficiency 33, 300636 (3), X-linked recessive; Autoinflammatory disease, systemic, X-linked, 301081 (3), X-linked",153770459,153793248
FRG2,ENSG00000205097,ENST00000378763,ENSG00000205097,7.625545085,6.816659117,gene,ENSG00000205097,609032,FSHD REGION GENE 2; FRG2,FSHD GENE 2,,,,chr4,FRG2,Facioscapulohumeral muscular dystrophy region gene 2,448831,ENSG00000205097,,190945522,190948412
PRAMEF22,ENSG00000204508,ENST00000376187,ENSG00000204508,6.910387859,6.891868206,,,,,,,,,,,,,,,13035543,13038381
OPN1MW,ENSG00000147380,ENST00000369935,ENSG00000147380,7.324599549,6.896586405,gene,ENSG00000268221,300821,"OPSIN 1, MEDIUM-WAVE-SENSITIVE; OPN1MW",GREEN CONE PIGMENT; GCP,,"Blue cone monochromacy, 303700 (3)","OPN1MW, GCP, CBD, CBBM",chrX,"OPN1MW, GCP, CBD, CBBM","Green cone pigment (opsin 1, medium-wave-sensitive)",2652,ENSG00000268221,"Colorblindness, deutan, 303800 (3), X-linked; Blue cone monochromacy, 303700 (3), X-linked recessive",153448107,153461633
AC104057.1,ENSG00000269558,ENST00000593865,ENSG00000269558,5.424427882,6.903875325,,,,,,,,,,,,,,,65112081,65113280
VCX2,ENSG00000177504,ENST00000317103,ENSG00000177504,11.78829285,6.913494491,gene,ENSG00000177504,300532,"VARIABLY CHARGED, X CHROMOSOME, 2; VCX2","VARIABLY CHARGED, X CHROMOSOME, WITH 2 REPEATS; VCX2R;; VARIABLY CHARGED, X CHROMOSOME, B; VCXB",,,,chrX,"VCX2, VCX2R, VCXB","Variably charged, X chromosome, 2",51480,ENSG00000177504,,8137989,8139308
LGALS7,ENSG00000205076,ENST00000378626,ENSG00000205076,6.588515645,6.971265233,gene,ENSG00000205076,600615,"LECTIN, GALACTOSIDE-BINDING, SOLUBLE, 7; LGALS7",GALECTIN 7; GAL7,,,,chr19,LGALS7,"Lectin, galactoside-binding, soluble, 7 (galectin 7)",3963,ENSG00000205076,,39261611,39264132
SLX1B,ENSG00000181625,ENST00000330181,ENSG00000181625,7.979708044,6.973669959,gene,ENSG00000181625,615823,"SLX1 HOMOLOG B, STRUCTURE-SPECIFIC ENDONUCLEASE SUBUNIT; SLX1B","SLX1 STRUCTURE-SPECIFIC ENDONUCLEASE SUBUNIT, S. CEREVISIAE, HOMOLOG OF, B;; GIY-YIG DOMAIN CONTAINING PROTEIN 2; GIYD2",,,,chr16,"SLX1B, GIYD2","SLX1 homolog B, structure-specific endonuclease subunit",79008,ENSG00000181625,,29465822,29469540
MMP23B,ENSG00000189409,ENST00000356026,ENSG00000189409,7.09830459,7.001490419,gene,ENSG00000189409,603321,MATRIX METALLOPROTEINASE 23B; MMP23B,"MATRIX METALLOPROTEINASE 22, FORMERLY; MMP22, FORMERLY",,,,chr1,"MMP23B, MMP22",Matrix metalloproteinase 23B,8510,ENSG00000189409,,1567474,1570030
GAGE2C,ENSG00000236249,ENST00000381708,ENSG00000236249,5.632879407,7.079265132,gene,,300595,G ANTIGEN 2C; GAGE2C,GAGE2,,,,chrX,"GAGE2C, GAGE2",G antigen 2C,2574,,,49226182,49233481
CKMT1B,ENSG00000237289,ENST00000300283,ENSG00000237289,6.627380496,7.116285712,gene,ENSG00000237289,123290,"CREATINE KINASE, MITOCHONDRIAL 1B; CKMT1B","CREATINE KINASE, UBIQUITOUS MITOCHONDRIAL; UMTCK;; MTCK, UBIQUITOUS;; MTCK, PLACENTAL;; CREATINE KINASE, MITOCHONDRIAL 1, CENTROMERIC COPY;; CKMT1, CENTROMERIC COPY;; CREATINE KINASE, MITOCHONDRIAL 1, FORMERLY; CKMT1, FORMERLY",,,,chr15,"CKMT1B, CKMT1","Creatine kinase, mitochondrial 1B",1159,ENSG00000237289,,43885252,43891604
GAGE1,ENSG00000205777,ENST00000381700,ENSG00000205777,6.628074007,7.239658047,gene,ENSG00000205777,300594,G ANTIGEN 1; GAGE1,,,,,chrX,GAGE1,G antigen 1,2543,ENSG00000205777,,49363665,49370958
GOLGA6L1,ENSG00000197414,ENST00000316397,ENSG00000197414,8.118707171,7.27065751,,,,,,,,,,,,,,,22736246,22746002
GOLGA8N,ENSG00000232653,ENST00000448387,ENSG00000232653,7.934707611,7.280035316,,,,,,,,,,,,,,,32885657,32896179
GOLGA8A,ENSG00000175265,ENST00000360553,ENSG00000175265,8.092849285,7.304614731,gene,ENSG00000175265,616180,"GOLGIN A8 FAMILY, MEMBER A; GOLGA8A",KIAA0855,,,,chr15,"GOLGA8A, KIAA0855","Golgin A8 family, member A",23015,ENSG00000175265,,34671272,34699888
ASAH2B,ENSG00000204147,ENST00000374006,ENSG00000204147,14.30695382,7.502433869,gene,ENSG00000204147,610987,N-ACYLSPHINGOSINE AMIDOHYDROLASE 2B; ASAH2B,"N-ACYLSPHINGOSINE AMIDOHYDROLASE 2C; ASAH2C;; NONLYSOSOMAL CERAMIDASE C;; CERAMIDASE, NONLYSOSOMAL, C;; ASAH2-LIKE PROTEIN; ASAH2L",,,,chr10,"ASAH2B, ASAH2C, ASAH2L",N-acylsphingosine amidohydrolase 2B,653308,ENSG00000204147,,52499708,52514569
DDT,ENSG00000099977,ENST00000398344,ENSG00000099977,6.799709031,7.508040336,gene,ENSG00000099977,602750,D-DOPACHROME TAUTOMERASE; DDT,,,,,chr22,DDT,D-dopachrome tautomerase,1652,ENSG00000099977,,24313554,24316773
TBC1D3C,ENSG00000234972,ENST00000457979,ENSG00000234972,7.982703508,7.575383855,gene,ENSG00000278299,610806,"TBC1 DOMAIN FAMILY, MEMBER 3C; TBC1D3C",,,,,chr17,TBC1D3C,"TBC1 domain family, member 3C",414060,ENSG00000278299,,34581085,34592032
NUTM2E,ENSG00000228570,ENST00000429984,ENSG00000228570,7.058376171,7.587946693,,,,,,,,,,,,,,,81601114,81610628
LRRC37A,ENSG00000176681,ENST00000320254,ENSG00000176681,7.067178895,7.648807664,gene,ENSG00000176681,616555,LEUCINE-RICH REPEAT-CONTAINING PROTEIN 37A; LRRC37A,,,,,chr17,LRRC37A,Leucine-rich repeat-containing protein 37A,9884,ENSG00000176681,,44372497,44415160
CT45A5,ENSG00000242284,ENST00000463085,ENSG00000242284,6.01120685,7.793938102,gene,ENSG00000228836,300796,"CANCER/TESTIS ANTIGEN FAMILY 45, MEMBER A5; CT45A5","CANCER/TESTIS ANTIGEN 45, MEMBER 5; CT45.5",,,,chrX,"CT45A5, CT45.5","Cancer/testis antigen family 45, member A5",441521,ENSG00000228836,,134945598,134953994
DMRTC1,ENSG00000159123,ENST00000373529,ENSG00000159123,7.137858659,7.895026555,gene,ENSG00000269502,300878,DOUBLESEX- AND MAB3-RELATED TRANSCRIPTION FACTOR C1; DMRTC1,,,,,chrX,DMRTC1,Doublesex- and MAB3-related transcription factor C1,63947,ENSG00000269502,,72091863,72095808
RHOXF2,ENSG00000131721,ENST00000371388,ENSG00000131721,7.389675386,7.905395347,gene,ENSG00000131721,300447,"RHOX HOMEOBOX FAMILY, MEMBER 2; RHOXF2","HOMEOBOX PROTEIN, PEPP SUBFAMILY, 2; PEPP2",,,,chrX,"RHOXF2, PEPP2","RHOX homeobox family, member 2",84528,ENSG00000131721,,119292467,119297945
NBPF4,ENSG00000196427,ENST00000415641,ENSG00000196427,7.902512498,7.912002746,gene,ENSG00000196427,613994,"NEUROBLASTOMA BREAKPOINT FAMILY, MEMBER 4; NBPF4",,,,,chr1,NBPF4,"Neuroblastoma breakpoint family, member 4",148545,ENSG00000196427,,108765963,108786689
POTEI,ENSG00000196834,ENST00000451531,ENSG00000196834,8.615209632,7.926519417,,,,,,,,,,,,,,,131217028,131267239
PGA3,ENSG00000229859,ENST00000325558,ENSG00000229859,10.30047156,8.098581759,,,,,,,,,,,,,,,60970852,60980570
OR4F5,ENSG00000186092,ENST00000335137,ENSG00000186092,8.123045534,8.113166995,,,,,,,,,,,,,,,69091,70008
H2AFB1,ENSG00000198082,ENST00000354461,ENSG00000198082,8.7094147,8.11738029,,,,,,,,,,,,,,,154113317,154113833
FAM163B,ENSG00000196990,ENST00000496132,ENSG00000196990,9.730150241,8.201427901,,,,,,,,,,,,,,,136444079,136451319
NPIPB7,ENSG00000233232,ENST00000452313,ENSG00000233232,8.665083227,8.22438612,,,,,,,,,,,,,,,28467693,28481868
OR2A42,ENSG00000212807,ENST00000391496,ENSG00000212807,5.258384745,8.288283978,,,,,,,,,,,,,,,143929004,143929936
GOLGA8R,ENSG00000186399,ENST00000327271,ENSG00000186399,8.158264386,8.365346021,,,,,,,,,,,,,,,30695943,30706365
MBD3L2,ENSG00000230522,ENST00000381393,ENSG00000230522,10.30696441,8.510080754,gene,ENSG00000230522,607964,METHYL-CpG BINDING DOMAIN PROTEIN 3-LIKE 2; MBD3L2,,,,,chr19,MBD3L2,Methyl-CpG binding domain protein 3-like 2,125997,ENSG00000230522,,7049332,7051746
GSTT2,ENSG00000099984,ENST00000215780,ENSG00000099984,7.862952507,8.557824767,gene,ENSG00000099984,600437,"GLUTATHIONE S-TRANSFERASE, THETA-2; GSTT2",,,,,chr22,GSTT2,Glutathione S-transferase theta-2,2953,ENSG00000099984,,24322339,24326106
NPIPB6,ENSG00000198156,ENST00000532254,ENSG00000198156,6.995795322,8.564607593,,,,,,,,,,,,,,,28353876,28374829
ASAH2C,ENSG00000072444,ENST00000426610,ENSG00000072444,8.674293501,8.694276369,,,,,,,,,,,,,,,48001603,48055018
POLR2J2,ENSG00000228049,ENST00000591000,ENSG00000228049,11.3185511,8.718165103,gene,ENSG00000228049,609881,"RNA POLYMERASE II, SUBUNIT J2; POLR2J2","RNA POLYMERASE II POLYPEPTIDE J-RELATED GENE;; RPB11, S. CEREVISIAE, HOMOLOG OF, B",,,,chr7,"POLR2J2, RPB11","RNA polymerase II, subunit J2",246721,ENSG00000228049,,102277474,102312068
SPATA31A3,ENSG00000147926,ENST00000356699,ENSG00000147926,9.627589271,8.721581971,,,,,,,,,,,,,,,40700291,40706537
CBWD5,ENSG00000147996,ENST00000377395,ENSG00000147996,5.412873358,8.790072913,,,,,,,,,,,,,,,70432369,70490107
GTF2IRD2,ENSG00000196275,ENST00000405086,ENSG00000196275,7.813221058,8.790203662,gene,ENSG00000196275,608899,"GTF2I REPEAT DOMAIN-CONTAINING PROTEIN 2, ALPHA",GTF2IRD2A;; GTF2IRD2,,,,chr7,GTF2IRD2,GTF2I repeat domain-containing protein 2,84163,ENSG00000196275,,74210483,74267847
CLEC18C,ENSG00000157335,ENST00000569347,ENSG00000157335,8.595318741,8.866189364,gene,ENSG00000157335,616573,"C-TYPE LECTIN DOMAIN FAMILY 18, MEMBER C; CLEC18C",,,,,chr16,CLEC18C,"C-type lectin domain family 18, member C",283971,ENSG00000157335,,70207928,70220798
AC139426.2,ENSG00000233812,ENST00000435655,ENSG00000233812,9.799600325,8.930249119,,,,,,,,,,,,,,,32694108,32695493
CBWD3,ENSG00000196873,ENST00000360171,ENSG00000196873,9.443878517,8.931194568,,,,,,,,,,,,,,,70856397,70914929
CKMT1A,ENSG00000223572,ENST00000413453,ENSG00000223572,8.620068554,9.069827976,gene,ENSG00000223572,613415,"CREATINE KINASE, MITOCHONDRIAL 1A; CKMT1A","CREATINE KINASE, MITOCHONDRIAL 1, TELOMERIC COPY;; CKMT1, TELOMERIC COPY",,,,chr15,CKMT1A,"Creatine kinase, mitochondrial 1A",548596,ENSG00000223572,,43985725,43991420
FAM115C,ENSG00000170379,ENST00000444908,ENSG00000170379,6.906350602,9.111466765,,,,,,,,,,,,,,,143318043,143422176
GPR42,ENSG00000126251,ENST00000454971,ENSG00000126251,15.42043727,9.337654239,gene,ENSG00000126251,603822,G PROTEIN-COUPLED RECEPTOR 42; GPR42,,,,,chr19,GPR42,G protein-coupled receptor-42,2866,ENSG00000126251,,35861831,35863855
RGPD8,ENSG00000169629,ENST00000302558,ENSG00000169629,8.60566394,9.381392782,gene,ENSG00000169629,602752,RANBP2-LIKE AND GRIP DOMAIN-CONTAINING PROTEIN 8; RGPD8,RGP8;; RANBP2-ALPHA;; RANBP2-LIKE 1; RANBP2L1,,,,chr2,"RGPD8, RGP8, RANBP2L1",RANBP2-like and GRIP domain-containing protein 8,727851,ENSG00000169629,,113127669,113191222
NPIPB4,ENSG00000185864,ENST00000415645,ENSG00000185864,10.62335187,9.603160421,,,,,,,,,,,,,,,21845890,21868739
KIR2DL4,ENSG00000189013,ENST00000345540,ENSG00000189013,9.383782098,9.719397455,gene,ENSG00000189013,604945,"KILLER CELL IMMUNOGLOBULIN-LIKE RECEPTOR, TWO DOMAINS, LONG CYTOPLASMIC TAIL, 4; KIR2DL4",KIR103AS;; CD158D,,,,chr19,"KIR2DL4, KIR103AS","Killer cell immunoglobulin-like receptor, two domains, long cytoplasmic tail, 4",3805,ENSG00000189013,,55315095,55325972
GOLGA8Q,ENSG00000178115,ENST00000562783,ENSG00000178115,9.60506126,9.779755729,,,,,,,,,,,,,,,30844281,30854704
SPATA31A7,ENSG00000234734,ENST00000355045,ENSG00000234734,9.140960603,9.813848887,gene,ENSG00000276040,616584,"SPERMATOGENESIS-ASSOCIATED PROTEIN 31, SUBFAMILY A, MEMBER 7; SPATA31A7","ACROSOME-EXPRESSED PROTEIN 1; AEP1;; FAMILY WITH SEQUENCE SIMILARITY 75, MEMBER A7; FAM75A7;; CHROMOSOME 9 OPEN READING FRAME 36; C9ORF36;; VAD1.3",,,,chr9,"SPATA31A7, AEP1, FAM75A7, C9orf36","Spermatogenesis-associated protein 31, subfamily A, member 7",26165,ENSG00000276040,,65503363,65509610
TRIM73,ENSG00000178809,ENST00000323819,ENSG00000178809,9.003402023,9.874583715,gene,ENSG00000178809,612549,TRIPARTITE MOTIF-CONTAINING PROTEIN 73; TRIM73,TRIM50B,,,,chr7,"TRIM73, TRIM50B",Tripartite motif-containing protein 73,375593,ENSG00000178809,,75024903,75034888
NOMO3,ENSG00000103226,ENST00000399336,ENSG00000103226,9.154944845,9.903627043,gene,ENSG00000103226,609159,NODAL MODULATOR 3; NOMO3,"PM5, MIDDLE COPY",,,,chr16,NOMO3,Nodal modulator 3,408050,ENSG00000103226,,16326352,16388668
TBC1D3B,ENSG00000224226,ENST00000454519,ENSG00000224226,11.20865972,10.0266812,gene,ENSG00000274808,610144,"TBC1 DOMAIN FAMILY, MEMBER 3B; TBC1D3B",PROSTATE CANCER GENE 17; PRC17,,,,chr17,"TBC1D3B, PRC17","TBC1 domain family, member 3B",414059,ENSG00000274808,,34493061,34503988
CBWD6,ENSG00000204790,ENST00000377457,ENSG00000204790,9.754030394,10.03722373,,,,,,,,,,,,,,,69204538,69262593
MBD3L5,ENSG00000237247,ENST00000329753,ENSG00000237247,10.98047517,10.2545137,,,,,,,,,,,,,,,7030589,7033022
POTEM,ENSG00000187537,ENST00000551509,ENSG00000187537,10.87849282,10.33766441,,,,,,,,,,,,,,,19983559,20020272
GPR89B,ENSG00000188092,ENST00000314163,ENSG00000188092,6.278608186,10.35070781,gene,ENSG00000188092,612806,G PROTEIN-COUPLED RECEPTOR 89B; GPR89B,"GOLGI pH REGULATOR; GPHR;; GPR89, TELOMERIC COPY",,,,chr1,"GPR89B, GPHR",G protein-coupled receptor 89B,51463,ENSG00000188092,,147400506,147465571
MROH1,ENSG00000179832,ENST00000528919,ENSG00000179832,11.93046691,10.37113372,,,,,,,,,,,,,,,145215928,145316830
AREG,ENSG00000109321,ENST00000395748,ENSG00000109321,7.942303166,10.37901695,gene,ENSG00000109321,104640,AMPHIREGULIN; AREG,SCHWANNOMA-DERIVED GROWTH FACTOR; SDGF,,,,chr4,AREG,Amphiregulin,374,ENSG00000109321,,75310851,75320726
CCL4L2,ENSG00000197262,ENST00000394465,ENSG00000197262,9.628479231,10.43311961,gene,ENSG00000276070,610757,"CHEMOKINE, CC MOTIF, LIGAND 4-LIKE 2; CCL4L2",,,,,chr17,CCL4L2,"Chemokine, CC motif, ligand 4-like 2",9560,ENSG00000276070,,34639793,34641846
TBC1D3F,ENSG00000185128,ENST00000327454,ENSG00000185128,10.78443101,10.49375718,gene,ENSG00000275954,610809,"TBC1 DOMAIN FAMILY, MEMBER 3F; TBC1D3F",,,,,chr17,TBC1D3F,"TBC1 domain family, member 3F",84218,ENSG00000275954,,36283971,36294912
PLA2G10,ENSG00000069764,ENST00000438167,ENSG00000069764,12.99001662,10.50543702,gene,ENSG00000069764,603603,"PHOSPHOLIPASE A2, GROUP X; PLA2G10","SECRETORY PHOSPHOLIPASE A2, GROUP X; SPLA2;; PHOSPHOLIPASE A2, SECRETORY, CALCIUM-DEPENDENT, GROUP X; GXSPLA2",,,,chr16,"PLA2G10, SPLA2, GXSPLA2","Phospholipase A2, group X",8399,ENSG00000069764,,14766405,14788526
OR2T35,ENSG00000177151,ENST00000317450,ENSG00000177151,10.57708056,10.55846574,,,,,,,,,,,,,,,248801588,248802559
NUTM2A,ENSG00000184923,ENST00000381707,ENSG00000184923,10.60868867,10.57715576,,,,,,,,,,,,,,,88985205,88994735
PRAMEF7,ENSG00000204510,ENST00000361079,ENSG00000204510,14.01126413,10.72126272,,,,,,,,,,,,,,,12976450,12980569
VCX3B,ENSG00000205642,ENST00000381032,ENSG00000205642,12.54390962,10.72285294,gene,ENSG00000205642,300981,"VARIABLY CHARGED, X CHROMOSOME, 3B; VCX3B","VARIABLY CHARGED, X CHROMOSOME, C; VCXC",,,,chrX,"VCS3B, VCXC","Variably charged, X chromosome, 3B",425054,ENSG00000205642,,8432871,8434547
FAM21A,ENSG00000099290,ENST00000282633,ENSG00000099290,9.649417789,10.7301639,,,,,,,,,,,,,,,51827721,51892906
ANXA8L2,ENSG00000186807,ENST00000374277,ENSG00000186807,10.08020098,10.73627532,,,,,,,,,,,,,,,47746990,47763035
RP11-347C12.3,ENSG00000258130,ENST00000550538,ENSG00000258130,9.796592489,10.75041237,,,,,,,,,,,,,,,30215637,30218503
DEFB107A,ENSG00000186572,ENST00000335021,ENSG00000186572,13.75101008,10.75543107,,,,,,,,,,,,,,,7669242,7673238
GOLGA8T,ENSG00000261247,ENST00000569052,ENSG00000261247,10.11240384,10.83644774,,,,,,,,,,,,,,,30427352,30437770
GTF2H2C,ENSG00000183474,ENST00000510979,ENSG00000183474,12.18125786,10.85810008,,,,,,,,,,,,,,,68856069,68889594
GOLGA6D,ENSG00000140478,ENST00000434739,ENSG00000140478,10.70442185,10.8992774,,,,,,,,,,,,,,,75575176,75586816
RP11-1118M6.1,ENSG00000255251,ENST00000533250,ENSG00000255251,10.45714443,10.90620648,,,,,,,,,,,,,,,7397150,7399972
AL603965.1,ENSG00000215033,ENST00000335083,ENSG00000215033,10.16239109,10.91752897,,,,,,,,,,,,,,,47746962,47770871
GTF2IRD2B,ENSG00000174428,ENST00000312575,ENSG00000174428,10.9083017,11.03368868,gene,ENSG00000174428,608900,"GTF2I REPEAT DOMAIN-CONTAINING PROTEIN 2, BETA",GTF2IRD2B,,,,chr7,GTF2IRD1B,GTF2I repeat domain-containing protein 2,389524,ENSG00000174428,,74508387,74565623
RASA4B,ENSG00000170667,ENST00000541662,ENSG00000170667,10.9643887,11.09022254,,,,,,,,,,,,,,,102123590,102158157
TCEB3CL2,ENSG00000266996,ENST00000591973,ENSG00000266996,10.18698298,11.09127357,,,,,,,,,,,,,,,44542731,44544607
DUX4L4,ENSG00000258834,ENST00000538692,ENSG00000258834,11.11468054,11.09472522,,,,,,,,,,,,,,,191001979,191003583
DEFB104B,ENSG00000177023,ENST00000316169,ENSG00000177023,11.7467453,11.11398716,,,,,,,,,,,,,,,7327830,7332604
NPIPA1,ENSG00000183426,ENST00000328085,ENSG00000183426,12.066137,11.28138605,gene,ENSG00000183426,606406,"NUCLEAR PORE COMPLEX-INTERACTING PROTEIN FAMILY, MEMBER A1; NPIPA1",NUCLEAR PORE COMPLEX-INTERACTING PROTEIN; NPIP,,,,chr16,NPIP,Nuclear pore complex-interacting protein,9284,ENSG00000183426,,15031300,15045913
NBPF15,ENSG00000243452,ENST00000442702,ENSG00000243452,14.30184649,11.32796257,gene,ENSG00000266338,610414,"NEUROBLASTOMA BREAKPOINT FAMILY, MEMBER 15; NBPF15","MGC8902;; NEUROBLASTOMA BREAKPOINT FAMILY, MEMBER 16; NBPF16",,,,chr1,"NBPF15, MGC8902","Neuroblastoma breakpoint family, member 15",284565,ENSG00000266338,,148560843,148596267
CLEC18A,ENSG00000157322,ENST00000288040,ENSG00000157322,11.13316857,11.41344048,gene,ENSG00000157322,616571,"C-TYPE LECTIN DOMAIN FAMILY 18, MEMBER A; CLEC18A",,,,,chr16,CLEC18A,"C-type lecting domain family 18, member A",348174,ENSG00000157322,,69985083,69998141
RASA4,ENSG00000105808,ENST00000262940,ENSG00000105808,11.71271249,11.50893367,gene,ENSG00000105808,607943,RAS p21 PROTEIN ACTIVATOR 4; RASA4,Ca(2+)-PROMOTED RAS INACTIVATOR; CAPRI;; GTPase-ACTIVATING PROTEIN-LIKE; GAPL;; CALCIUM-RAS PROMOTED INACTIVATOR;; KIAA0538,,,,chr7,"RASA4, CAPRI, GAPL, KIAA0538",Ras p21 protein activator 4,10156,ENSG00000105808,,102220093,102257204
NPIPA5,ENSG00000183793,ENST00000360151,ENSG00000183793,12.18080184,11.62859593,,,,,,,,,,,,,,,15457516,15472151
CFC1,ENSG00000136698,ENST00000259216,ENSG00000136698,11.47916041,11.72171273,gene,ENSG00000136698,605194,CRYPTIC PROTEIN; CFC1,"CRYPTIC, MOUSE, HOMOLOG OF;; CRYPTIC",,"Heterotaxy, visceral, 2, autosomal, 605376 (3)","CFC1, CRYPTIC, HTX2",chr2,"CFC1, CRYPTIC, HTX2",Cryptic protein,55997,ENSG00000136698,"Heterotaxy, visceral, 2, autosomal, 605376 (3), Autosomal dominant",131350339,131357123
TRIM49C,ENSG00000204449,ENST00000448984,ENSG00000204449,13.92628665,11.8247558,,,,,,,,,,,,,,,89764274,89775193
RSPH10B2,ENSG00000169402,ENST00000403107,ENSG00000169402,12.18144691,11.85622545,,,,,,,,,,,,,,,6793740,6838394
CCL3L1,ENSG00000205021,ENST00000422211,ENSG00000205021,11.51516577,12.38242523,gene,,601395,"CHEMOKINE, CC MOTIF, LIGAND 3-LIKE 1; CCL3L1",LD78-BETA;; MACROPHAGE INFLAMMATORY PROTEIN 1-ALPHA-P;; MIP1-ALPHA-P; MIP1AP;; SMALL INDUCIBLE CYTOKINE A3-LIKE 1; SCYA3L1;; G0S19-2,,"{HIV/AIDS, susceptibility to}, 609423 (3)","CCL3L1, SCYA3L1, LD78",chr17,"CCL3L1, SCYA3L1, LD78","Chemokine, C-C motif, ligand 3-like 1",6349,,"{HIV/AIDS, susceptibility to}, 609423 (3)",34623842,34625719
GSTM1,ENSG00000134184,ENST00000309851,ENSG00000134184,11.80822045,12.39730568,gene,ENSG00000134184,138350,"GLUTATHIONE S-TRANSFERASE, MU-1; GSTM1","GLUTATHIONE S-TRANSFERASE M1;; GLUTATHIONE TRANSFERASE, CLASS MU, 1;; GST1;; LIVER AND FIBROBLAST GST1",,,,chr1,GSTM1,Glutathione S-transferase M1,2944,ENSG00000134184,,110230442,110236367
FAM106A,ENSG00000213077,ENST00000392176,ENSG00000213077,15.81714381,12.57954162,,,,,,,,,,,,,,,18427880,18430160
ARHGEF35,ENSG00000213214,ENST00000378115,ENSG00000213214,7.499954776,12.59557307,,,,,,,,,,,,,,,143883176,143892748
FAM230A,ENSG00000188280,ENST00000434783,ENSG00000188280,14.91142846,12.61603733,,,,,,,,,,,,,,,20692438,20716938
GOLGA6L4,ENSG00000184206,ENST00000510439,ENSG00000184206,12.65004039,12.6769822,,,,,,,,,,,,,,,84904525,84914120
GRAP,ENSG00000154016,ENST00000284154,ENSG00000154016,13.30279633,12.78585391,gene,ENSG00000154016,604330,GRB2-RELATED ADAPTOR PROTEIN; GRAP,GROWTH FACTOR RECEPTOR-BOUND PROTEIN 2-RELATED ADAPTOR PROTEIN,,"Deafness, autosomal recessive 114, 618456 (3)","GRAP, DFNB114",chr17,"GRAP, DFNB114",GRB2-related adaptor protein,10750,ENSG00000154016,"Deafness, autosomal recessive 114, 618456 (3), Autosomal recessive",18923986,18950950
ZNF717,ENSG00000227124,ENST00000284154,ENSG00000227124,15.78757585,12.83930917,gene,ENSG00000227124,618405,ZINC FINGER PROTEIN 717; ZNF717,OSTEOBLAST INDUCER 1; OBI1,,,,chr3,"ZNF717, OB1",Zinc finger protein 717,100131827,ENSG00000227124,,75786029,75834255
RSPH10B,ENSG00000155026,ENST00000405415,ENSG00000155026,11.96699907,12.93958163,,,,,,,,,,,,,,,5965777,6010314
HSPA1B,ENSG00000204388,ENST00000375650,ENSG00000204388,14.30319229,13.11044347,gene,ENSG00000204388,603012,HEAT-SHOCK 70-KD PROTEIN 1B; HSPA1B,"HEAT-SHOCK PROTEIN, 70-KD, 1B;; HSP70-1B;; HEAT-SHOCK PROTEIN, 70-KD, 2;; HSP70-2",,,,chr6,HSPA1B,Heat-shock 70kD protein-1B,3304,ENSG00000204388,,31795512,31798031
OR2A4,ENSG00000180658,ENST00000315453,ENSG00000180658,13.56210681,13.18222215,,,,,,,,,,,,,,,132021520,132022635
FOXD4L6,ENSG00000204793,ENST00000377473,ENSG00000204793,11.61930747,13.18325456,,,,,,,,,,,,,,,69199480,69202204
RP11-467N20.5,ENSG00000259455,ENST00000558241,ENSG00000259455,12.12939302,13.19934169,,,,,,,,,,,,,,,23405069,23414193
SPIN2B,ENSG00000186787,ENST00000333933,ENSG00000186787,16.46027179,13.26703508,gene,ENSG00000186787,300517,"SPINDLIN FAMILY, MEMBER 2B; SPIN2B","SPINDLIN FAMILY, MEMBER 2; SPIN2;; SPIN2;; SPIN2, TELOMERIC COPY",,,,chrX,SPIN2,"Spindlin family, member 2",474343,ENSG00000186787,,57146116,57147979
GOLGA8K,ENSG00000249931,ENST00000512626,ENSG00000249931,12.3052647,13.31784924,,,,,,,,,,,,,,,32684983,32695396
STRC,ENSG00000242866,ENST00000450892,ENSG00000242866,16.92099615,13.33124757,gene,ENSG00000242866,606440,STEREOCILIN; STRC,,,"Deafness, autosomal recessive 16, 603720 (3)","STRC, DFNB16",chr15,"STRC, DFNB16",Stereocilin,161497,ENSG00000242866,"Deafness, autosomal recessive 16, 603720 (3), Autosomal recessive",43891596,43910998
VCX,ENSG00000182583,ENST00000381059,ENSG00000182583,14.57259853,13.34500231,gene,ENSG00000182583,300229,"VARIABLY CHARGED, X CHROMOSOME; VCX","VCX1;; VARIABLY CHARGED, X CHROMOSOME, WITH 10 REPEATS; VCX10R;; VARIABLY CHARGED, X CHROMOSOME, B1; VCXB1",,,,chrX,"VCX, VCXB1, VCX10R","Variably charged, X chromosome",26609,ENSG00000182583,,7810303,7812184
GOLGA6B,ENSG00000215186,ENST00000421285,ENSG00000215186,11.25036312,13.34895576,,,,,,,,,,,,,,,72947079,72958735
GOLGA8J,ENSG00000179938,ENST00000567927,ENSG00000179938,10.82817602,13.39931718,,,,,,,,,,,,,,,30375256,30385702
SPIN2A,ENSG00000147059,ENST00000374908,ENSG00000147059,16.5923483,13.42226654,gene,ENSG00000147059,300621,"SPINDLIN FAMILY, MEMBER 2A; SPIN2A","DXF34;; SPINDLIN FAMILY, MEMBER 2, CENTROMERIC COPY;; SPIN2, CENTROMERIC COPY",,,,chrX,DSF34,DXF34 gene,54466,ENSG00000147059,,57160963,57163430
FAM153A,ENSG00000170074,ENST00000440605,ENSG00000170074,12.21654297,13.4287558,,,,,,,,,,,,,,,177150365,177207677
ANKRD20A4,ENSG00000172014,ENST00000357336,ENSG00000172014,13.52008114,13.43437556,,,,,,,,,,,,,,,69381812,69425560
DEFB105A,ENSG00000186562,ENST00000334773,ENSG00000186562,13.38340973,13.50849962,,,,,,,,,,,,,,,7679488,7681411
TPSB2,ENSG00000197253,ENST00000430512,ENSG00000197253,14.71569544,13.53900574,gene,ENSG00000197253,191081,"TRYPTASE, BETA-2; TPSB2","TRYPTASE, BETA;; TRYPTASE II;; TRYPTASE, BETA-II;; MAST CELL PROTEASE 6; MCP6","TRYPTASE III, INCLUDED;; TRYPTASE, BETA-III, INCLUDED",,,chr16,"TPSB2, TPS2","Tryptase, beta 2",64499,ENSG00000197253,,1278336,1280214
AP003062.1,ENSG00000268936,ENST00000597621,ENSG00000268936,16.43672742,13.63717252,,,,,,,,,,,,,,,134855246,134856693
ARMCX6,ENSG00000198960,ENST00000539247,ENSG00000198960,19.76809864,13.69065668,gene,ENSG00000198960,301048,"ARMADILLO REPEAT-CONTAINING PROTEIN, X-LINKED 6; ARMCX6",,,,,chrX,ARMCX,"Armadillo repeat-containing protein, X-linked 6",54470,ENSG00000198960,,100870116,100872991
FOXD4L5,ENSG00000204779,ENST00000377420,ENSG00000204779,10.10017314,13.74882332,,,,,,,,,,,,,,,70175707,70178815
LCE3B,ENSG00000187238,ENST00000335633,ENSG00000187238,13.76980903,13.76075439,gene,ENSG00000187238,612614,LATE CORNIFIED ENVELOPE PROTEIN 3B; LCE3B,LATE ENVELOPE PROTEIN 14; LEP14,,,,chr1,"LCE3B, LEP14",Late cornified envelope protein 3B,353143,ENSG00000187238,,152586287,152586574
ANKRD20A1,ENSG00000196774,ENST00000377477,ENSG00000196774,11.85312787,13.77407607,,,,,,,,,,,,,,,67926761,67969840
HLA-DRB5,ENSG00000198502,ENST00000374975,ENSG00000198502,13.10361327,13.93218449,gene,ENSG00000198502,604776,"MAJOR HISTOCOMPATIBILITY COMPLEX, CLASS II, DR BETA-5; HLA-DRB5",,,,,chr6,HLA-DRB5,"Major histocompatibility complex, class II, DR beta-5",3127,ENSG00000198502,,32485120,32498064
VCX3A,ENSG00000169059,ENST00000381089,ENSG00000169059,15.75735185,13.97866961,gene,ENSG00000169059,300533,"VARIABLY CHARGED, X CHROMOSOME, 3A; VCX3A","VARIABLY CHARGED, X CHROMOSOME, WITH 8 REPEATS; VCX8R;; VARIABLY CHARGED, X CHROMOSOME, A; VCXA",,,,chrX,"VCX3A, VCX8R, VCXA","Variably charged, X chromosome, 3A",51481,ENSG00000169059,,6451659,6453159
SPAG11A,ENSG00000178287,ENST00000326558,ENSG00000178287,15.25791424,14.05204358,,,,,,,,,,,,,,,7705546,7721319
TIMM23,ENSG00000138297,ENST00000260867,ENSG00000138297,11.60368329,14.06132231,gene,ENSG00000265354,605034,TRANSLOCASE OF INNER MITOCHONDRIAL MEMBRANE 23; TIMM23,"TIM23, YEAST, HOMOLOG OF; TIM23",,,,chr10,TIMM23,Translocase of inner mitochondrial membrane 23,100287932,ENSG00000265354,,51592080,51623338
CGB,ENSG00000104827,ENST00000357383,ENSG00000104827,13.7901261,14.08081644,,,,,,,,,,,,,,,49526126,49527590
NOMO2,ENSG00000185164,ENST00000381474,ENSG00000185164,13.83547508,14.09872602,gene,ENSG00000185164,609158,NODAL MODULATOR 2; NOMO2,"PM5, CENTROMERIC COPY",,,,chr16,NOMO2,Nodal modulator 2,283820,ENSG00000185164,,18511187,18573428
USP17L18,ENSG00000250844,ENST00000504209,ENSG00000250844,14.15761343,14.18399942,,,,,,,,,,,,,,,9250356,9251948
LCE3C,ENSG00000244057,ENST00000333881,ENSG00000244057,14.06288706,14.19491135,gene,ENSG00000244057,612615,LATE CORNIFIED ENVELOPE PROTEIN 3C; LCE3C,LATE ENVELOPE PROTEIN 15; LEP15,,,,chr1,"LCE3C, LEP15",Late cornified envelope protein 3C,353144,ENSG00000244057,,152573138,152573562
OPN1LW,ENSG00000102076,ENST00000369951,ENSG00000102076,15.88158155,14.51164942,gene,ENSG00000102076,300822,"OPSIN 1, LONG-WAVE-SENSITIVE; OPN1LW",RED CONE PIGMENT; RCP,,"Blue cone monochromacy, 303700 (3)","OPN1LW, RCP, CBP, CBBM",chrX,"OPN1LW, RCP, CBP, CBBM","Red cone pigment (opsin 1, long-wave-sensitive)",5956,ENSG00000102076,"Blue cone monochromacy, 303700 (3), X-linked recessive; Colorblindness, protan, 303900 (3), X-linked",153409698,153424507
TMEM185A,ENSG00000155984,ENST00000316916,ENSG00000155984,13.49432193,14.54319076,gene,ENSG00000269556,300031,"FAMILY WITH SEQUENCE SIMILARITY 11, MEMBER A; FAM11A",,"FRAGILE SITE, FOLIC ACID TYPE, FRA(X)(q28) F, INCLUDED; FRAXF, INCLUDED",,,chrX,"FAM11A, FRAXF","Family with sequence similarity 11, member A",84548,ENSG00000269556,,148678216,148713568
WBSCR16,ENSG00000174374,ENST00000329959,ENSG00000174374,12.85082652,14.54497589,,,,,,,,,,,,,,,74456291,74489629
CTAGE6,ENSG00000271321,ENST00000470691,ENSG00000271321,13.20894088,14.58969936,,,,,,,,,,,,,,,143452182,143454789
FAM86B2,ENSG00000145002,ENST00000262365,ENSG00000145002,14.3071261,14.59649088,gene,ENSG00000145002,616123,"FAMILY WITH SEQUENCE SIMILARITY 86, MEMBER B2; FAM86B2",,,,,chr8,FAM86B2,"Family with sequence similarity 86, member B2",653333,ENSG00000145002,,12283123,12293852
TRIM74,ENSG00000155428,ENST00000285805,ENSG00000155428,18.35841572,14.64582441,gene,ENSG00000155428,612550,TRIPARTITE MOTIF-CONTAINING PROTEIN 74; TRIM74,TRIM50C,,,,chr7,"TRIM74, TRIM50C",Tripartite motif-containing protein 74,378108,ENSG00000155428,,72430016,72439997
SIGLEC14,ENSG00000254415,ENST00000360844,ENSG00000254415,17.5747844,14.66045928,gene,ENSG00000254415,618132,SIALIC ACID-BINDING IMMUNOGLOBULIN-LIKE LECTIN 14; SIGLEC14,,,,,chr19,SIGLEC14,Sialic acid-binding immunoglobulin-like lectin 14,100049587,ENSG00000254415,,52145806,52150054
PRR21,ENSG00000221961,ENST00000408934,ENSG00000221961,14.94828688,14.89871651,,,,,,,,,,,,,,,240981230,240982399
FAM27E1,ENSG00000237198,ENST00000377525,ENSG00000237198,14.19874482,15.08740423,,,,,,,,,,,,,,,46385691,46387031
LGALS9B,ENSG00000170298,ENST00000324290,ENSG00000170298,14.85639102,15.31303835,,,,,,,,,,,,,,,20353176,20370848
HSPA1A,ENSG00000204389,ENST00000375651,ENSG00000204389,21.41184136,15.34285824,gene,ENSG00000204389,140550,HEAT-SHOCK 70-KD PROTEIN 1A; HSPA1A,"HEAT-SHOCK 70-KD PROTEIN 1; HSPA1;; HEAT-SHOCK PROTEIN, 70-KD, 1;; HSP70-1;; HSP70-1A;; HSP72;; HEAT-SHOCK 70-KD PROTEIN, INDUCIBLE; HSP70I",,,,chr6,HSPA1A,Heat-shock 70kD protein-1A,3303,ENSG00000204389,,31783291,31785717
PDPK1,ENSG00000140992,ENST00000342085,ENSG00000140992,14.33452164,15.41296575,gene,ENSG00000140992,605213,3-PHOSPHOINOSITIDE-DEPENDENT PROTEIN KINASE 1; PDPK1,PDK1,,,,chr16,"PDPK1, PDK1",3-phosphoinositide-dependent protein kinase 1,5170,ENSG00000140992,,2587965,2653189
TRIM43,ENSG00000144015,ENST00000272395,ENSG00000144015,18.59459285,15.42753293,,,,,,,,,,,,,,,96257766,96265526
HBG1,ENSG00000213934,ENST00000330597,ENSG00000213934,16.63722358,15.46820749,gene,ENSG00000213934,142200,"HEMOGLOBIN, GAMMA A; HBG1","HEMOGLOBIN--GAMMA LOCUS, 136 ALANINE",,"Fetal hemoglobin quantitative trait locus 1, 141749 (3)",HBG1,chr11,HBG1,"Hemoglobin, gamma A",3047,ENSG00000213934,"Fetal hemoglobin quantitative trait locus 1, 141749 (3), Autosomal dominant",5269313,5271122
CT47B1,ENSG00000236446,ENST00000371311,ENSG00000236446,16.27553429,15.49121781,gene,ENSG00000236446,300790,"CANCER/TESTIS ANTIGEN FAMILY 47, MEMBER B1; CT47B1",CT47A13;; CT47.13,,,,chrX,"CT47B1, CT47A13","Cancer/testis antigen family 47, member B1",643311,ENSG00000236446,,120006457,120009779
LRRC37A2,ENSG00000238083,ENST00000576629,ENSG00000238083,15.45051028,15.66926823,gene,ENSG00000238083,616556,LEUCINE-RICH REPEAT-CONTAINING PROTEIN 37A2; LRRC37A2,,,,,chr17,LRRC37A2,Leucine-rich repeat-containing protein 37A2,474170,ENSG00000238083,,44588877,44633016
GOLGA6C,ENSG00000167195,ENST00000300576,ENSG00000167195,14.97088237,15.68793171,,,,,,,,,,,,,,,75550940,75562540
SPANXC,ENSG00000198573,ENST00000358993,ENSG00000198573,15.81514679,15.90171404,gene,ENSG00000198573,300330,"SPANX FAMILY, MEMBER C; SPANXC","SPERM PROTEIN ASSOCIATED WITH THE NUCLEUS, X CHROMOSOME, FAMILY MEMBER C;; CTP11",,,,chrX,"SPANXC, CTP11","Sperm protein associated with the nucleus, X chromosome, family member C",64663,ENSG00000198573,,140335596,140336629
RGPD4,ENSG00000196862,ENST00000408999,ENSG00000196862,15.64594787,15.90557587,gene,ENSG00000196862,612707,RANBP2-LIKE AND GRIP DOMAIN-CONTAINING PROTEIN 4; RGPD4,RGP4,,,,chr2,"RGPD4, RGP4",RANBP2-like and GRIP domain-containing protein 4,285190,ENSG00000196862,,108443393,108507297
REXO1L1,ENSG00000205176,ENST00000379010,ENSG00000205176,38.53796733,15.96176879,,,,,,,,,,,,,,,86568695,86575726
FAM27E2,ENSG00000204807,ENST00000377529,ENSG00000204807,14.4773707,15.97304267,,,,,,,,,,,,,,,45733559,45734896
AQP12A,ENSG00000184945,ENST00000337801,ENSG00000184945,12.61367777,16.08211046,gene,ENSG00000184945,609789,AQUAPORIN 12A; AQP12A,AQP12;; AQPX2,,,,chr2,"AQP12A, AQPX2, AQP12",Aquaporin 12A,375318,ENSG00000184945,,241631262,241637900
LGALS7B,ENSG00000178934,ENST00000314980,ENSG00000178934,19.14565628,16.10403373,gene,ENSG00000178934,617139,"LECTIN, GALACTOSIDE-BINDING, SOLUBLE, 7B; LGALS7B",,,,,chr19,LGALS7B,"Lectin, galactoside-binding, soluble, 7B",653499,ENSG00000178934,,39279851,39282389
PRAMEF10,ENSG00000187545,ENST00000235347,ENSG00000187545,21.15858462,16.13158191,,,,,,,,,,,,,,,12952727,12958101
CTRB2,ENSG00000168928,ENST00000303037,ENSG00000168928,16.71360233,16.14845874,gene,ENSG00000168928,619620,CHYMOTRYPSINOGEN B2; CTRB2,CHYMOTRYPSIN B2,,,,chr16,CTRB2,Chymotrypsinogen B2,440387,ENSG00000168928,,75237994,75241083
NPIPB11,ENSG00000254206,ENST00000524087,ENSG00000254206,15.38891535,16.1957322,,,,,,,,,,,,,,,29392675,29415350
TNXB,ENSG00000168477,ENST00000451343,ENSG00000168477,15.4275407,16.21896667,gene,ENSG00000168477,600985,TENASCIN XB; TNXB,TENASCIN X; TNX;; HEXABRACHION-LIKE; HXBL,"TENASCIN XB, ISOFORM 1, INCLUDED; TNXB1, INCLUDED;; TENASCIN XB, ISOFORM 2, INCLUDED; TNXB2, INCLUDED","Ehlers-Danlos syndrome, classic-like, 1 606408 (3)","TNXB, TNX, TNXB1, TNXBS, TNXB2, EDSCLL1, VUR8",chr6,"TNXB, TNX, TNXB1, TNXBS, TNXB2, EDSCLL1, VUR8",Tenascin XB,7148,ENSG00000168477,"Ehlers-Danlos syndrome, classic-like, 1, 606408 (3), Autosomal recessive; Vesicoureteral reflux 8, 615963 (3), Autosomal dominant",32008932,32013905
DEFB106A,ENSG00000186579,ENST00000335186,ENSG00000186579,16.40486117,16.24987287,,,,,,,,,,,,,,,7682694,7686575
CXorf48,ENSG00000169551,ENST00000276241,ENSG00000169551,16.36016779,16.36286062,,,,,,,,,,,,,,,134290461,134305322
ADAMTSL2,ENSG00000197859,ENST00000354484,ENSG00000197859,17.12527647,16.36881017,gene,ENSG00000197859,612277,ADAMTS-LIKE PROTEIN 2; ADAMTSL2,KIAA0605,,"Geleophysic dysplasia 1, 231050 (3)","ADAMTSL2, KIAA0605, GPHYSD1",chr9,"ADAMTSL2, KIAA0605, GPHYSD1",ADAMTS-like protein 2,9719,ENSG00000197859,"Geleophysic dysplasia 1, 231050 (3), Autosomal recessive",136397286,136440641
AL359736.1,ENSG00000205850,ENST00000422229,ENSG00000205850,16.37484488,16.40336,,,,,,,,,,,,,,,24895264,24895566
AC008132.13,ENSG00000161103,ENST00000342005,ENSG00000161103,22.35074456,16.5767474,,,,,,,,,,,,,,,18834324,18839322
C2orf27B,ENSG00000186825,ENST00000303798,ENSG00000186825,23.71985355,16.60945817,,,,,,,,,,,,,,,132552534,132559234
PAGE2B,ENSG00000238269,ENST00000374971,ENSG00000238269,19.70871116,16.63527881,,,,,,,,,,,,,,,55101504,55105336
GAGE2A,ENSG00000189064,ENST00000362097,ENSG00000189064,14.95469855,16.64281112,gene,ENSG00000189064,300720,G ANTIGEN 2A; GAGE2A,,,,,chrX,GAGE2A,G antigen 2A,729447,ENSG00000189064,,49354132,49361430
KIR2DL1,ENSG00000125498,ENST00000336077,ENSG00000125498,16.67838989,16.76173682,gene,ENSG00000125498,604936,"KILLER CELL IMMUNOGLOBULIN-LIKE RECEPTOR, TWO DOMAINS, LONG CYTOPLASMIC TAIL, 1; KIR2DL1",NK-ASSOCIATED TRANSCRIPT 1; NKAT1;; CD158A,,,,chr19,"KIR2DL1, NKAT1","Killer cell immunoglobulin-like receptor, two domains, long cytoplasmic tail, 1",3802,ENSG00000125498,,55281263,55295774
AGAP7,ENSG00000204169,ENST00000374095,ENSG00000204169,16.62617566,16.76469294,,,,,,,,,,,,,,,51464162,51486327
C2orf27A,ENSG00000197927,ENST00000355171,ENSG00000197927,26.67088588,16.76592827,,,,,,,,,,,,,,,132479948,132524973
PAGE2,ENSG00000234068,ENST00000374968,ENSG00000234068,18.28814859,16.83206361,gene,ENSG00000234068,300738,"P ANTIGEN FAMILY, MEMBER 2; PAGE2",PROSTATE-ASSOCIATED GENE 2;; GAGEC2,,,,chrX,"PAGE2, GAGEC2","P antigen family, member 2",203569,ENSG00000234068,,55115441,55119275
FAM86B1,ENSG00000186523,ENST00000448228,ENSG00000186523,17.96008166,17.07094532,gene,ENSG00000186523,616122,"FAMILY WITH SEQUENCE SIMILARITY 86, MEMBER B1; FAM86B1",,,,,chr8,FAM86B1,"Family with sequence similarity 86, member B1",85002,ENSG00000186523,,12039960,12051629
RP11-826N14.2,ENSG00000248469,ENST00000512675,ENSG00000248469,20.54532966,17.09675364,,,,,,,,,,,,,,,175476681,175489024
OR4F4,ENSG00000177693,ENST00000326183,ENSG00000177693,18.2105055,17.09872437,,,,,,,,,,,,,,,102462245,102463298
OR2T8,ENSG00000177462,ENST00000319968,ENSG00000177462,17.19369393,17.14414594,,,,,,,,,,,,,,,248084320,248085258
MAGEA6,ENSG00000197172,ENST00000329342,ENSG00000197172,6.815266465,17.31238998,gene,ENSG00000197172,300176,"MELANOMA ANTIGEN, FAMILY A, 6; MAGEA6",MAGE6,,,,chrX,"MAGEA6, MAGE6","Melanoma antigen, family A, 6",4105,ENSG00000197172,,151867214,151870825
POTEJ,ENSG00000222038,ENST00000409602,ENSG00000222038,18.21811349,17.3914348,,,,,,,,,,,,,,,131369054,131415664
HBA2,ENSG00000188536,ENST00000251595,ENSG00000188536,15.01814272,17.40827832,gene,ENSG00000188536,141850,HEMOGLOBIN--ALPHA LOCUS 2; HBA2,"5-PRIME ALPHA-GLOBIN GENE;; ALPHA-GLOBIN LOCUS, SECOND;; MAJOR ALPHA-GLOBIN LOCUS",,"Erythrocytosis, familial, 7, 617981 (3)","HBA2, HBH, ECYT7",chr16,"HBA2, HBH, ECYT7",Hemoglobin alpha-2,3040,ENSG00000188536,"Heinz body anemia, 140700 (3), Autosomal dominant; Thalassemia, alpha-, 604131 (3); Erythrocytosis, familial, 7, 617981 (3), Autosomal dominant; Hemoglobin H disease, deletional and nondeletional, 613978 (3)",222846,223709
ACOT1,ENSG00000184227,ENST00000311148,ENSG00000184227,17.55537504,17.42230123,gene,ENSG00000184227,614313,ACYL-CoA THIOESTERASE 1; ACOT1,,,,,chr14,ACOT1,Acyl-CoA thioesterase 1,641371,ENSG00000184227,,74003818,74010498
MBD3L3,ENSG00000182315,ENST00000333843,ENSG00000182315,17.26390085,17.45026349,,,,,,,,,,,,,,,7056220,7058651
SIRPB1,ENSG00000101307,ENST00000381605,ENSG00000101307,16.70997744,17.46353615,gene,ENSG00000101307,603889,"SIGNAL REGULATORY PROTEIN, BETA-1; SIRPB1",,,,,chr20,SIRPB1,"Signal regulatory protein, beta-1",10326,ENSG00000101307,,1544167,1600655
FAM115A,ENSG00000198420,ENST00000479870,ENSG00000198420,19.22062812,17.52888989,,,,,,,,,,,,,,,143548468,143599248
NSF,ENSG00000073969,ENST00000398238,ENSG00000073969,16.48745086,17.62494847,gene,ENSG00000073969,601633,N-ETHYLMALEIMIDE-SENSITIVE FACTOR; NSF,,,"Developmental and epileptic encephalopathy 96, 619340 (3)","NSF, DEE96",chr17,"NSF, DEE96",N-ethylmaleimide-sensitive factor,4905,ENSG00000073969,"Developmental and epileptic encephalopathy 96, 619340 (3), Autosomal dominant",44668035,44834830
UPK3BL,ENSG00000267368,ENST00000340457,ENSG00000267368,23.79488981,17.76374844,,,,,,,,,,,,,,,102277472,102283238
FAM27B,ENSG00000170215,ENST00000377484,ENSG00000170215,16.2748823,17.80980972,,,,,,,,,,,,,,,67792938,67794111
KRTAP9-6,ENSG00000212659,ENST00000391355,ENSG00000212659,13.09838381,17.81167854,,,,,,,,,,,,,,,39421591,39422893
MAGEA3,ENSG00000221867,ENST00000393902,ENSG00000221867,7.540107568,18.03275063,gene,ENSG00000221867,300174,"MELANOMA ANTIGEN, FAMILY A, 3; MAGEA3",MAGE3,,,,chrX,"MAGEA3, MAGE3","Melanoma antigen, family A, 3",4102,ENSG00000221867,,151934653,151938171
GSTT1,ENSG00000184674,ENST00000248935,ENSG00000184674,18.0768379,18.08299169,gene,,600436,"GLUTATHIONE S-TRANSFERASE, THETA-1; GSTT1",,,,,chr22,GSTT1,"Glutathione S-transferase, theta-1",2952,,,24376133,24384284
GGT2,ENSG00000133475,ENST00000401924,ENSG00000133475,16.91315076,18.13158925,,,,,,,,,,,,,,,21562263,21581926
CXorf40A,ENSG00000197620,ENST00000441248,ENSG00000197620,21.58820228,18.19933131,,,,,,,,,,,,,,,148622187,148628855
TMLHE,ENSG00000185973,ENST00000334398,ENSG00000185973,17.54764494,18.20843751,gene,ENSG00000185973,300777,EPSILON-TRIMETHYLLYSINE HYDROXYLASE; TMLHE,"TMLH;; BUTYROBETAINE-GAMMA,2-OXOGLUTARATE DIOXYGENASE 2; BBOX2",,"{Autism, susceptibility to, X-linked 6}, 300872 (3)","TMLHE, BBOX2, TMLH, TMLHED, AUTSX6",chrX,"TMLHE, BBOX2, TMLH, TMLHED, AUTSX6",Epsilon-trimethyllysine hydroxylase,55217,ENSG00000185973,"{Autism, susceptibility to, X-linked 6}, 300872 (3), X-linked recessive",154719776,154842597
NXF5,ENSG00000126952,ENST00000537026,ENSG00000126952,18.9741138,18.22233822,gene,ENSG00000290798,300319,NUCLEAR RNA EXPORT FACTOR 5; NXF5,,,,,chrX,NXF5,Nuclear RNA export factor 5,55998,ENSG00000290798,,101087085,101112549
DEFB106B,ENSG00000187082,ENST00000335479,ENSG00000187082,17.82630231,18.27905354,,,,,,,,,,,,,,,7340026,7343922
NUTM2D,ENSG00000214562,ENST00000412718,ENSG00000214562,13.69423815,18.34252158,,,,,,,,,,,,,,,89117477,89130452
BEX5,ENSG00000184515,ENST00000543160,ENSG00000184515,20.69496479,18.48693093,gene,ENSG00000184515,300693,BEX FAMILY MEMBER 5; BEX5,BRAIN-EXPRESSED X-LINKED GENE 5;; NGFRAP1-LIKE 1; NGFRAP1L1,,,,chrX,"BEX5, NGFRAP1L1",BEX family member 5,340542,ENSG00000184515,,101408680,101410762
TAS2R43,ENSG00000255374,ENST00000531678,ENSG00000255374,18.61968841,18.53032039,gene,ENSG00000255374,612668,"TASTE RECEPTOR, TYPE 2, MEMBER 43; TAS2R43",T2R52,,,,chr12,"TAS2R43, T2R52","Taste receptor, type 2, member 43",259289,ENSG00000255374,,11243886,11244912
KRTAP2-2,ENSG00000214518,ENST00000398477,ENSG00000214518,21.14200648,18.53327523,,,,,,,,,,,,,,,39210750,39211482
NCF1,ENSG00000158517,ENST00000289473,ENSG00000158517,17.9075962,18.55676059,gene,ENSG00000158517,608512,NEUTROPHIL CYTOSOLIC FACTOR 1; NCF1,NOXO2;; p47-PHOX,,"Chronic granulomatous disease 1, autosomal recessive, 233700 (3)","NCF1, CGD1",chr7,"NCF1, CGD1","Neutrophil cytosolic factor-1, 47kD",653361,ENSG00000158517,"Chronic granulomatous disease 1, autosomal recessive, 233700 (3), Autosomal recessive",74188309,74203657
THOC3,ENSG00000051596,ENST00000265097,ENSG00000051596,17.33581467,18.6171863,gene,ENSG00000051596,606929,"THO COMPLEX, SUBUNIT 3; THOC3","TEX1, YEAST, HOMOLOG OF; TEX1",,,,chr5,"THOC3, TEX1","THO complex 3 (Tex1, yeast, homolog of)",84321,ENSG00000051596,,175386530,175395302
TRIM49,ENSG00000168930,ENST00000329758,ENSG00000168930,21.98857036,18.64309517,gene,ENSG00000168930,606124,RING FINGER PROTEIN 18; RNF18,,,,,chr11,RNF18,RING finger protein-18,57093,ENSG00000168930,,89530823,89541743
OR51A2,ENSG00000205496,ENST00000380371,ENSG00000205496,18.66860191,18.66755698,,,,,,,,,,,,,,,4976002,4976943
FAM72D,ENSG00000215784,ENST00000400889,ENSG00000215784,17.55057076,18.73806507,gene,ENSG00000215784,614712,"FAMILY WITH SEQUENCE SIMILARITY 72, MEMBER D; FAM72D",,,,,chr1,FAM72D,"Family with sequence similarity 72, member D",728833,ENSG00000215784,,143896452,143913143
FAM72B,ENSG00000188610,ENST00000369390,ENSG00000188610,18.78417786,18.7608627,gene,ENSG00000188610,614711,"FAMILY WITH SEQUENCE SIMILARITY 72, MEMBER B; FAM72B",,,,,chr1,FAM72B,"Family with sequence similarity 72, member B",653820,ENSG00000188610,,120839005,120855681
CT45A1,ENSG00000232478,ENST00000497301,ENSG00000232478,14.80303302,18.80086739,gene,ENSG00000268940,300648,"CANCER/TESTIS ANTIGEN FAMILY 45, MEMBER A1; CT45A1","CANCER/TESTIS ANTIGEN 45, MEMBER 1; CT45.1",,,,chrX,"CT45A1, CT45","Cancer/testis antigen family 45, member A1",541466,ENSG00000268940,,134847185,134857354
SPATA31A6,ENSG00000185775,ENST00000332857,ENSG00000185775,17.20910611,18.88144664,,,,,,,,,,,,,,,43624507,43630730
KIR3DL2,ENSG00000240403,ENST00000326321,ENSG00000240403,18.86831132,18.92304785,gene,ENSG00000240403,604947,"KILLER CELL IMMUNOGLOBULIN-LIKE RECEPTOR, THREE DOMAINS, LONG CYTOPLASMIC TAIL, 2; KIR3DL2",NK-ASSOCIATED TRANSCRIPT 4; NKAT4;; CD158K,"NK-ASSOCIATED TRANSCRIPT 4A, INCLUDED; NKAT4A, INCLUDED;; NK-ASSOCIATED TRANSCRIPT 4B, INCLUDED; NKAT4B, INCLUDED",,,chr19,"KIR3DL2, NKAT4","Killer cell immunoglobulin-like receptor, three domains, long cytoplasmic tail, 2",3812,ENSG00000240403,,55361898,55378662
CFHR1,ENSG00000244414,ENST00000320493,ENSG00000244414,18.66976584,19.00849463,gene,ENSG00000244414,134371,COMPLEMENT FACTOR H-RELATED 1; CFHR1,FACTOR H-RELATED GENE 1; FHR1;; H FACTOR-LIKE 1; HFL1,,"{Hemolytic uremic syndrome, atypical, susceptibility to}, 235400 (3)","CFHR1, FHR1, HFL1, CFHL1",chr1,"CFHR1, FHR1, HFL1, CFHL1",Complement factor H-related 1,3078,ENSG00000244414,"{Macular degeneration, age-related, reduced risk of}, 603075 (3), Autosomal dominant; {Hemolytic uremic syndrome, atypical, susceptibility to}, 235400 (3), Autosomal dominant, Autosomal recessive",196788887,196801319
GAGE10,ENSG00000215274,ENST00000407599,ENSG00000215274,19.6396908,19.0145958,gene,ENSG00000215274,300737,G ANTIGEN 10; GAGE10,,,,,chrX,GAGE10,G antigen 10,102724473,ENSG00000215274,,49160148,49176323
RP11-1026M7.2,ENSG00000249109,ENST00000502515,ENSG00000249109,13.58936458,19.11495756,,,,,,,,,,,,,,,177209198,177221397
TMSB4X,ENSG00000205542,ENST00000380636,ENSG00000205542,21.70285429,19.1692125,gene,ENSG00000205542,300159,"THYMOSIN, BETA-4, X CHROMOSOME; TMSB4X","THYMOSIN, BETA-4; TMSB4;; TB4X;; PROTHYMOSIN BETA-4; PTMB4",,,,chrX,"TMSB4X, TMSB4, TB4X, PTMB4","Thymosin, beta-4, X chromosome",7114,ENSG00000205542,,12993229,12995345
UBL4A,ENSG00000102178,ENST00000369660,ENSG00000102178,19.68488604,19.17556654,gene,ENSG00000102178,312070,UBIQUITIN-LIKE 4A; UBL4A,UBL4;; GUIDED ENTRY OF TAIL-ANCHORED PROTEINS FACTOR 5; GET5;; GDX;; DXS254E,,,,chrX,"UBL4A, GDX, UBL4, DX254E",Ubiquitin-like 4A,8266,ENSG00000102178,,153712056,153715009
FAM47C,ENSG00000198173,ENST00000358047,ENSG00000198173,19.40672074,19.21629217,gene,ENSG00000198173,301067,"FAMILY WITH SEQUENCE SIMILARITY 47, MEMBER C; FAM47C",,,,,chrX,FAM47C,"Family with sequence similarity 47, member C",442444,ENSG00000198173,,37026432,37029739
FOXD4L3,ENSG00000187559,ENST00000342833,ENSG00000187559,21.80598062,19.2570275,gene,ENSG00000187559,611086,FORKHEAD BOX D4-LIKE 3; FOXD4L3,FOXD4-LIKE 3,,,,chr9,FOXD4L3,Forkhead box D4-like 3,286380,ENSG00000187559,,70917276,70920000
POTEF,ENSG00000196604,ENST00000357462,ENSG00000196604,18.32293344,19.25825466,,,,,,,,,,,,,,,130831108,130878182
CHRFAM7A,ENSG00000166664,ENST00000299847,ENSG00000166664,10.13953261,19.25936648,gene,ENSG00000166664,609756,CHRNA7/FAM7A FUSION GENE; CHRFAM7A,,,,,chr15,CHRFAM7A,CHRNA7 (exons 5-10) and FAM7A (exons A-E) fusion,89832,ENSG00000166664,,30653796,30685752
KIR3DL1,ENSG00000167633,ENST00000391728,ENSG00000167633,19.34896406,19.28604595,gene,ENSG00000167633,604946,"KILLER CELL IMMUNOGLOBULIN-LIKE RECEPTOR, THREE DOMAINS, LONG CYTOPLASMIC TAIL, 1; KIR3DL1",NK-ASSOCIATED TRANSCRIPT 3; NKAT3;; NKB1;; AMB11;; CD158E1,"KILLER CELL IMMUNOGLOBULIN-LIKE RECEPTOR, THREE DOMAINS, SHORT CYTOPLASMIC TAIL, 1, INCLUDED; KIR3DS1, INCLUDED;; NK-ASSOCIATED TRANSCRIPT 10, INCLUDED; NKAT10, INCLUDED;; CD158E2, INCLUDED;; NK-ASSOCIATED TRANSCRIPT 3delIg1, INCLUDED; NKAT3delIg1, INCLUDED","{AIDS, delayed/rapid progression to}, 609423 (3)","KIR3DL1, NKAT3, NKB1, AMB11, KIR3DS1",chr19,"KIR3DL1, NKAT3, NKB1, AMB11, KIR3DS1","Killer cell immunoglobulin-like receptor, three domains, long cytoplasmic tail, 1",3811,ENSG00000167633,"{AIDS, delayed/rapid progression to}, 609423 (3)",55327923,55342233
CRIPAK,ENSG00000179979,ENST00000324803,ENSG00000179979,28.61849052,19.32092481,,,,,,,,,,,,,,,1385340,1389780
ARHGEF5,ENSG00000050327,ENST00000056217,ENSG00000050327,19.02461728,19.33028699,gene,ENSG00000050327,600888,RHO GUANINE NUCLEOTIDE EXCHANGE FACTOR 5; ARHGEF5,TRANSFORMING IMMORTALIZED MAMMARY; TIM;; ONCOGENE TIM,,,,chr7,"ARHGEF5, TIM",Rho guanine nucleotide exchange factor-5 (oncogene TIM),7984,ENSG00000050327,,144052433,144077725
KIR2DL3,ENSG00000243772,ENST00000342376,ENSG00000243772,19.19510049,19.39300435,gene,ENSG00000243772,604938,"KILLER CELL IMMUNOGLOBULIN-LIKE RECEPTOR, TWO DOMAINS, LONG CYTOPLASMIC TAIL, 3; KIR2DL3",NK-ASSOCIATED TRANSCRIPT 2; NKAT2;; P58;; CD158B2,"NK-ASSOCIATED TRANSCRIPT 2A, INCLUDED; NKAT2A, INCLUDED;; NK-ASSOCIATED TRANSCRIPT 2B, INCLUDED; NKAT2B, INCLUDED;; NK-ASSOCIATED TRANSCRIPT 2delIg2, INCLUDED; NKAT2delIg2, INCLUDED",,,chr19,"KIR2DL3, NKAT2","Killer cell immunoglobulin-like receptor, two domains, long cytoplasmic tail, 3",3804,ENSG00000243772,,55249980,55264504
CTRB1,ENSG00000168925,ENST00000361017,ENSG00000168925,19.52202513,19.46719619,gene,ENSG00000168925,118890,CHYMOTRYPSINOGEN B1; CTRB1,CHYMOTRYPSINOGEN B; CTRB;; CHYMOTRYPSINOGEN A;; ALPHA-CHYMOTRYPSINOGEN,,,,chr16,CTRB1,Chymotrypsinogen B1,1504,ENSG00000168925,,75252898,75258822
NUTM2B,ENSG00000188199,ENST00000429828,ENSG00000188199,18.30859764,19.48716809,,,,,,,,,,,,,,,81462983,81472507
HNRNPH2,ENSG00000126945,ENST00000316594,ENSG00000126945,21.45236547,19.54768902,gene,ENSG00000126945,300610,HETEROGENEOUS NUCLEAR RIBONUCLEOPROTEIN H2; HNRNPH2,HNRPH2;; HETEROGENEOUS NUCLEAR RIBONUCLEOPROTEIN H-PRIME,,"Intellectual developmental disorder, X-linked syndromic, Bain type, 300986 (3)","HNRNPH2, NRPH2, MRXSB",chrX,"HNRNPH2, NRPH2, MRXSB",Heterogeneous nuclear ribonucleoprotein H2,3188,ENSG00000126945,"Intellectual developmental disorder, X-linked syndromic, Bain type, 300986 (3), X-linked dominant",100663283,100669121
HBZ,ENSG00000130656,ENST00000252951,ENSG00000130656,16.19438377,19.57105278,gene,ENSG00000130656,142310,HEMOGLOBIN--ZETA LOCUS; HBZ,"HEMOGLOBIN ZETA;; 5-PRIME ZETA LOCUS;; HEMOGLOBIN ZETA-2, FORMERLY; HBZ2, FORMERLY",,,,chr16,HBZ,"Hemoglobin, zeta",3050,ENSG00000130656,,202686,204502
SOX3,ENSG00000134595,ENST00000370536,ENSG00000134595,20.09960511,19.62487818,gene,ENSG00000134595,313430,SRY-BOX 3; SOX3,SRY-RELATED HMG-BOX GENE 3,,"Intellectual developmental disorder, X-linked, with isolated growth hormone deficiency, 300123 (3)","SOX3, MRGH",chrX,"SOX3, MRGH",SRY (sex determining region Y)-box 3,6658,ENSG00000134595,"Intellectual developmental disorder, X-linked, with isolated growth hormone deficiency, 300123 (3); Panhypopituitarism, X-linked, 312000 (3), X-linked",139585152,139587225
GOLGA8S,ENSG00000261739,ENST00000562295,ENSG00000261739,20.19600347,19.6677874,,,,,,,,,,,,,,,23599993,23610281
UGT2B17,ENSG00000197888,ENST00000317746,ENSG00000197888,19.7455941,19.70494479,gene,ENSG00000197888,601903,"URIDINE DIPHOSPHATE GLYCOSYLTRANSFERASE 2 FAMILY, MEMBER B17; UGT2B17","UDP GLYCOSYLTRANSFERASE 2 FAMILY, MEMBER B17;; UDP GLUCURONOSYLTRANSFERASE 2 FAMILY, MEMBER B17",,"{Bone mineral density QTL 12, osteoporosis}, 612560 (3)","UGT2B17, BMND12",chr4,"UGT2B17, BMND12","UDP-glucuronyltransferase, family 2, beta-17",7367,ENSG00000197888,"{Bone mineral density QTL 12, osteoporosis}, 612560 (3)",69402902,69434245
OR2A1,ENSG00000221970,ENST00000408951,ENSG00000221970,13.96196938,19.7056643,,,,,,,,,,,,,,,144015218,144016150
MECP2,ENSG00000169057,ENST00000453960,ENSG00000169057,21.3686909,19.7130495,gene,ENSG00000169057,300005,METHYL-CpG-BINDING PROTEIN 2; MECP2,,,"Encephalopathy, neonatal severe, 300673 (3)","MECP2, RTT, PPMX, AUTSX3, MRXSL, MRXS13",chrX,"MECP2, RTT, PPMX, AUTSX3, MRXSL, MRXS13",Methyl-CpG-binding protein-2,4204,ENSG00000169057,"Rett syndrome, atypical, 312750 (3), X-linked dominant; Encephalopathy, neonatal severe, 300673 (3), X-linked recessive; Intellectual developmental disorder, X-linked syndromic, Lubs type, 300260 (3), X-linked recessive; {Autism susceptibility, X-linked 3}, 300496 (3), X-linked; Intellectual developmental disorder, X-linked syndromic 13, 300055 (3), X-linked recessive; Rett syndrome, 312750 (3), X-linked dominant; Rett syndrome, preserved speech variant, 312750 (3), X-linked dominant",153295685,153363177
PAGE1,ENSG00000068985,ENST00000376150,ENSG00000068985,20.19056886,19.81194866,gene,ENSG00000068985,300288,"P ANTIGEN FAMILY, MEMBER 1; PAGE1","PROSTATE-ASSOCIATED GENE 1;; G ANTIGEN, FAMILY B, 1; GAGEB1",,,,chrX,"GAGEB1, PAGE1","P antigen family, member 1",8712,ENSG00000068985,,49452053,49460596
ZXDA,ENSG00000198205,ENST00000358697,ENSG00000198205,21.05422848,19.97070922,gene,ENSG00000198205,300235,"ZINC FINGER-ENCODING GENE, X-LINKED, DUPLICATED, A; ZXDA",,,,,chrX,ZXDA,"Zinc finger-encoding gene, X-linked, duplicated, A",7789,ENSG00000198205,,57931864,57937067
SERHL2,ENSG00000183569,ENST00000327678,ENSG00000183569,20.49503983,19.97604277,gene,ENSG00000183569,619045,SERINE HYDROLASE-LIKE 2; SERHL2,,,,,chr22,SERHL2,Serine hydrolase-like 2,253190,ENSG00000183569,,42949925,42970388
